,kobe,yield_val,k1,k2,reward
0,0.20468310790851457,1.0307834316622362,0.09519092575226788,0.4037127008149325,1.2354665395707507
1,0.20468310790851457,1.0307834316622362,0.09519092575226788,0.4037127008149325,1.2354665395707507
2,0.7981009375793859,0.44485741201013096,1.3265711951080068,2.457066367034244e-08,1.242958349589517
3,0.7981009375793859,0.44485741201013096,1.3265711951080068,2.457066367034244e-08,1.242958349589517
4,0.7635435358503184,0.7836207483196129,0.12483935245054945,1.570819579153068e-08,1.5471642841699313
5,0.7635453490639503,0.5167193745069814,1.3577715628490181,0.11216676602754168,1.2802647235709317
6,0.3627346462719144,1.021488695007124,0.001988840173579594,0.2816562890419269,1.3842233412790383
7,0.42302375631971706,1.0126136164838113,0.00041437650025786393,0.24801647060435128,1.4356373728035283
8,0.7821124300350857,0.47728541008024494,1.3577715628490181,0.052727996769948465,1.2593978401153305
9,0.3572291808427789,1.022130756450692,0.0021757546969868526,0.28475854513670557,1.3793599372934708
10,0.4289952358139581,1.0114973992376737,0.001388930156690952,0.24500242925792634,1.4404926350516318
11,0.29862206753654774,1.0273408656138139,0.026292887802388153,0.32443655406173905,1.3259629331503615
12,0.45315457613406335,1.0067914092386259,0.0010081686940111695,0.23154399192673678,1.4599459853726893
13,0.22900562657216755,1.0305212549629972,0.07617157666680316,0.38141250481072886,1.2595268815351648
14,0.22466221970267441,1.0306001918091052,0.07661048138836178,0.3842821429685082,1.2552624115117796
15,0.37773100230109735,1.0195804657731915,0.0023409188376552655,0.2734688483685483,1.3973114680742889
16,0.7517725718172782,0.8506945316754206,0.001068589162446943,2.4123487386840115e-07,1.6024671034926987
17,0.7201253785620325,0.8898182495050873,7.480256472828384e-06,0.04555119402394067,1.6099436280671198
18,0.7906554337658673,0.4606922143366506,1.3335883309389716,0.023959049245676253,1.2513476481025179
19,0.5092720678437529,0.9934329458270692,1.7757264004911787e-05,0.1996329792535675,1.502705013670822
20,0.6983304574795428,0.9082388305054296,0.0001713571423124302,0.06840861408206153,1.6065692879849724
21,0.7031319728791823,0.9045317915450823,7.480256472828384e-06,0.06366264686907494,1.6076637644242646
22,0.6582654945581076,0.9348444434165444,0.5853941818438059,0.3961786159844905,1.5931099379746518
23,0.7706086318269556,0.5019784525038002,1.3340551201408153,0.08392342995275136,1.2725870843307558
24,0.6350372345744306,0.9468422798115834,0.0002654494422466839,0.12031644803163405,1.581879514386014
25,0.20973284966013833,1.030771958225366,0.09222869303709791,0.39933503856979263,1.2405048078855043
26,0.6322419382725606,0.9482535360459832,2.1200700371515368e-05,0.12224570439518623,1.5804954743185438
27,0.7288925813229852,0.8810132401116503,8.371563322031355e-05,0.034994544118289006,1.6099058214346353
28,0.7561993663353723,0.8370342337935529,0.02747558365955627,0.00021562878921728423,1.5932336001289253
29,0.3899485339148428,1.0179358337723015,0.00010220013876157741,0.2661227670244931,1.4078843676871442
30,0.6997862762340444,0.906676337094519,0.0029392373495870164,0.06793206217208883,1.6064626133285635
31,0.31661176379344375,1.0260136068013697,0.00035686360812908714,0.30704534589551075,1.3426253705948135
32,0.5023721435209307,0.9952773101751335,6.735531737090631e-05,0.20360409068430554,1.4976494536960643
33,0.7061512113273912,0.9020978965818447,1.407774513877168e-05,0.0606305015287585,1.608249107909236
34,0.789385143756973,0.4635471707004529,1.3314066134690963,0.027737242691594374,1.2529323144574258
35,0.4566211448035249,1.0060861891340198,0.0005955586836511816,0.22950161349429596,1.4627073339375447
36,0.6107920918982623,0.9581875140972731,3.5473475335954738e-06,0.13712129304013454,1.5689796059955354
37,0.6042968503132022,0.9609833865295094,2.121035110209474e-05,0.1414742550388106,1.5652802368427117
38,0.7303761263518733,0.879416465409355,0.00010049805534311315,0.03309785999205461,1.6097925917612284
39,0.6903378476033721,0.9148882389553261,0.6282737950771746,0.38691624690748694,1.6052260865586983
40,0.5770621460789613,0.9717961960011705,5.791604385194214e-06,0.15905095097657784,1.5488583420801318
41,0.7660271155302729,0.5116667477688107,1.3590751203266924,0.10478018705114392,1.2776938632990835
42,0.3930860212536447,1.0174698424968072,0.0003753224420725219,0.2644715515541817,1.4105558637504518
43,0.7591634891259851,0.8251970758753807,0.04918271023406917,7.083808496879951e-05,1.584360565001366
44,0.7358435885966057,0.8732252479460825,7.445806427082424e-05,0.02573300281993579,1.6090688365426882
45,0.7401278911822246,0.8679667900399038,3.6308206446979255e-07,0.019493245292405467,1.6080946812221284
46,0.7600379942791117,0.8209381086494982,0.0568696404159012,1.570819579153068e-08,1.5809761029286098
47,0.7612293298073006,0.8140126874886164,0.06949950298028489,1.2241627273534839e-06,1.575242017295917
48,0.2314968349358151,1.0304677836120126,0.07617157666680316,0.3798620602165769,1.2619646185478277
49,0.5392349838662246,0.9846806967784758,0.00014439229416013936,0.1821714003453605,1.5239156806447003
50,0.7597245790695426,0.8225403060607454,0.053946277738316055,5.285619701422828e-06,1.582264885130288
51,0.754517094184816,0.841904764996467,0.02034194812536804,0.0014359577022430604,1.596421859181283
52,0.5506493426537342,0.9808974384095045,0.0014931523036334216,0.1757463722168245,1.5315467810632386
53,0.5907773343797224,0.9663501800228241,0.0016398703048515475,0.15081993164056656,1.5571275144025465
54,0.4171579293683174,1.0136086004228395,0.0010761371289387872,0.2514296750777968,1.430766529791157
55,0.679054058867637,0.9227791476399122,0.6147215968716627,0.39267956465211434,1.6018332065075493
56,0.4616264648894754,1.0050324820016414,0.0002611718320001538,0.22662191895300315,1.4666589468911169
57,0.6164911786008462,0.9556426169641186,0.00011334894872438154,0.13328408118129895,1.5721337955649648
58,0.5592166466184229,0.9781588686387447,2.7268067733467378e-05,0.1701088916299547,1.5373755152571675
59,0.6967251388732493,0.9099286991039464,0.6321077217027944,0.38019437776831944,1.6066538379771957
60,0.24690504745484043,1.0300230913597441,0.06652504737771961,0.36717082848296395,1.2769281388145846
61,0.2063354594175067,1.0307799332652754,0.09808581520723311,0.4037127008149325,1.237115392682782
62,0.4678353334388069,1.0035668884010982,0.0019292779588748507,0.22363899111815844,1.471402221839905
63,0.2443489414615712,1.030107987051619,0.06369719520484732,0.36779615514150477,1.2744569285131901
64,0.5118228018474507,0.9927347944019391,1.6856486124786627e-05,0.1981638602132751,1.5045575962493898
65,0.4891361731717452,0.9986618411013855,4.355512266116565e-05,0.2111247852557504,1.4877980142731306
66,0.7224419063618466,0.8875882603460742,1.9796922967647905e-05,0.042858624186204855,1.6100301667079209
67,0.760510050097726,0.8181359061512435,0.06238196724339026,0.00023340633467941463,1.5786459562489696
68,0.7477350206018087,0.8573839423144536,3.4423303457913426e-05,0.007145376514576862,1.6051189629162623
69,0.49391076437453607,0.9973916478486962,0.0011137336977858903,0.20872974840796538,1.4913024122232321
70,0.3367777304023025,1.0242850664350622,0.001388931053162873,0.29594589141372346,1.3610627968373648
71,0.7695286454233049,0.5043215681182358,1.3615636722262632,0.09424789492126784,1.2738502135415408
72,0.30208519259300526,1.0271077232733832,0.01796526820137989,0.32010006921620443,1.3291929158663884
73,0.3493298818405941,1.023018476866998,0.0011506393466101566,0.2888708497342888,1.3723483587075922
74,0.7618201251091098,0.8095117121963004,0.07816562431701049,0.0002860575241116917,1.5713318373054102
75,0.676972839792896,0.9237657359607306,0.5730997902627917,0.3662082408598627,1.6007385757536268
76,0.743521003560345,0.8629977482233999,0.0025629969979038547,0.01515969794277365,1.606518751783745
77,0.7607717843993855,0.8167190968897803,0.06478946253257833,0.00012945003782505876,1.5774908812891657
78,0.7534749473249602,0.8459147515667498,0.010302306594163417,5.285619701422828e-06,1.59938969889171
79,0.3461998578878244,1.0233587157284152,1.4448851429998738e-05,0.290309164653008,1.3695585736162397
80,0.5329755440842142,0.986618316603805,1.625181215495489e-05,0.18583694814099383,1.519593860688019
81,0.4659848578644557,1.0040862989203527,0.00010220013876157741,0.22414676682229429,1.4700711567848084
82,0.40152182782910056,1.0162013834640264,1.9796922967647905e-05,0.25973321300543706,1.417723211293127
83,0.7801517872450334,0.48278327545991606,1.3305324437221455,0.05530688814153348,1.2629350627049494
84,0.6632855224836713,0.9321753622722878,0.5931807750569025,0.3962336296253352,1.5954608847559593
85,0.28144721141704987,1.028417882065051,0.029907797103836772,0.3353936002676311,1.3098650934821008
86,0.3417797659683215,1.0237991665887702,0.0010850004361324605,0.2930649311403084,1.3655789325570917
87,0.7813081846799019,0.4804022104807551,1.32898808216551,0.05158569811242669,1.261710395160657
88,0.7922711005166008,0.45770501085218296,1.3218648282249932,0.01787876462408388,1.2499761113687837
89,0.7941831712827994,0.45345604253144517,1.3265711951080068,0.012447516386328072,1.2476392138142445
90,0.5408503297921894,0.9840808843982336,0.0012035424376396584,0.1815271181900613,1.524931214190423
91,0.7571481573344794,0.8333089381794371,0.035015278810069606,0.0005636781890616671,1.5904570955139166
92,0.3065691664918152,1.0267457328680396,0.0024778950386911735,0.3133309199309298,1.3333148993598547
93,0.7015822504492708,0.9057527798740515,1.711295708243264e-05,0.06519734357093093,1.6073350303233223
94,0.6377168035835719,0.9455336954668727,7.696913968343217e-07,0.11829302059174177,1.5832504990504446
95,0.32678655081299457,1.0251918242354017,7.82772641294508e-07,0.3011921343514037,1.3519783750483962
96,0.762966138018587,0.7984835815804507,0.09800349792702373,0.00017625764244144637,1.5614497195990378
97,0.22020047095949435,1.0306706327853958,0.09023261909856309,0.3919023714754636,1.25087110374489
98,0.4451779073233964,1.0084365100418111,0.0006255376877370399,0.23585400117925137,1.4536144173652075
99,0.4393258619565126,1.0095788139318747,0.0007849292498591127,0.239133942817569,1.4489046758883872
100,0.6722529543763635,0.9270332179600831,0.5998856418643517,0.3906012351269269,1.5992861723364467
101,0.47620305438313015,1.001771187494791,3.3995866513966363e-06,0.2184005311786486,1.4779742418779211
102,0.2223820135994866,1.0306387060414086,0.07870726640344496,0.38644060622143794,1.2530207196408951
103,0.6861248998985197,0.9171817889611908,0.6560949824549046,0.4119459842650186,1.6033066888597105
104,0.7677551424747531,0.5075246268758982,1.3335883309389716,0.09196185386942629,1.2752797693506512
105,0.21580898429632478,1.03072049539288,0.0824003267557707,0.3919023714754636,1.2465294796892046
106,0.6558934989381489,0.9361207480031029,0.603585159976245,0.4121389148710727,1.5920142469412517
107,0.7634889110305413,0.7879879399366259,0.11692015070753242,5.2146811748809974e-05,1.551476850967167
108,0.6525176928846563,0.9377314454301767,4.4184304850363685e-05,0.10727727328987788,1.590249138314833
109,0.2178901168402487,1.0307049250552578,0.08614934491711801,0.3919023714754636,1.2485950418955065
110,0.3310342285790152,1.0248174157968277,0.0012392723018958972,0.29912986095912336,1.3558516443758428
111,0.5178080600466201,0.9907928761676608,0.0034344455569641935,0.195712429554005,1.5086009362142807
112,0.7752434123422736,0.49250998236880333,1.3279156978009896,0.06882252255012276,1.2677533947110768
113,0.6268055055518496,0.9508724289496023,6.422380010215507e-05,0.1261141590600427,1.5776779345014518
114,0.7485469374295367,0.8561424076512258,4.4596499050445545e-06,0.005684551240671146,1.6046893450807627
115,0.5676239429435631,0.9752254197912081,3.2795947829535426e-05,0.16494431185640457,1.5428493627347712
116,0.7079216587362647,0.9006383216583226,1.4830221978823427e-05,0.058818548521095554,1.6085599803945874
117,0.47128502702455477,1.0029028743926145,1.3153710291948862e-07,0.22115559303884794,1.4741879014171693
118,0.66144559964941,0.9331697203299625,0.5903190977429946,0.3962336296253352,1.5946153199793724
119,0.2669699119538371,1.029181813386753,0.041228739980321324,0.34721553599971167,1.29615172534059
120,0.25232037459365597,1.0298255158235925,0.05791894606961076,0.3611102999889774,1.2821458904172485
121,0.5289000140635937,0.9878429495397894,2.070580598052116e-05,0.18823511728153453,1.5167429636033831
122,0.5962315415943797,0.9643340941762537,2.5876584458406586e-05,0.14678525123989516,1.5605656357706335
123,0.394621572405406,1.0172491526918788,0.0001281991710965286,0.2635584757098297,1.4118707250972848
124,0.7716473743968952,0.5002552202151058,1.3449448681002967,0.08392342995275136,1.271902594612001
125,0.7327019857584789,0.8768602911728488,1.9594197968883747e-05,0.03000977831903756,1.6095622769313276
126,0.7460617419678789,0.8598786782531671,8.120138615399659e-07,0.010030120854807631,1.6059404202210459
127,0.7423087897829483,0.8650797002754496,0.00018409970371637083,0.016212810487600954,1.607388490058398
128,0.2919000995979887,1.0277692320770282,0.017570729266062464,0.32584472138253967,1.319669331675017
129,0.25427610613477436,1.0297450133910884,0.053519064791067134,0.35854351286447944,1.2840211195258626
130,0.671122540111456,0.9276620636904492,0.5910376692295449,0.3856629259381723,1.5987846038019051
131,0.4736301106253764,1.0023650508971713,2.7549553394529e-05,0.21985028679084795,1.4759951615225477
132,0.37051274839382936,1.0205682659292408,3.6308206446979255e-07,0.27681159979273406,1.39108101432307
133,0.3994959198292471,1.0165133041165677,6.433312544687313e-05,0.2608596912803951,1.4160092239458149
134,0.6336004029652692,0.9475879626638252,2.999990444579653e-06,0.12126696344339527,1.5811883656290944
135,0.2646881894811485,1.0292852947892772,0.04162329511219148,0.34868448583196365,1.2939734842704258
136,0.762082244108918,0.8075142076535098,0.08167258479303702,0.00021562878921728423,1.5695964517624277
137,0.374086441387521,1.020111440721895,2.5582574648900364e-06,0.2748381979018772,1.3941978821094159
138,0.4376545556497536,1.0099360893354608,2.7268067733467378e-05,0.23984248687148751,1.4475906449852143
139,0.7465088738641342,0.8590684723842478,0.0008435254334870116,0.00957965312743548,1.605577346248382
140,0.3742352730811236,1.0200859548994534,0.0003033102292793261,0.2748381979018772,1.394321227980577
141,0.5369777627444653,0.9853940249147533,3.811001326801402e-06,0.18346835918568472,1.5223717876592184
142,0.7541074349218393,0.8437484341841556,0.015238718634551375,0.0004814063304164895,1.5978558691059948
143,0.6177862917544298,0.9550621068796844,7.005559351893381e-05,0.1323829758976164,1.5728483986341142
144,0.7741716218502361,0.49476698025450816,1.3305324437221455,0.07263485567729822,1.2689386021047442
145,0.6822351233563523,0.9207259887011241,0.6028316628214154,0.38034100810921945,1.6029611120574763
146,0.629490554337161,0.949538229757096,0.00044091416490076116,0.12433651749094535,1.579028784094257
147,0.7411358888766865,0.8663176112034152,0.001889943868942312,0.01864911653577303,1.6074535000801018
148,0.48154138748115,1.0004230687365592,0.001388931053162873,0.21580086925863456,1.4819644562177092
149,0.47010147448054335,1.0031711465893454,1.3153710291948862e-07,0.22181771685201457,1.4732726210698888
150,0.74469837133887,0.861518997949522,0.0016991362723722152,0.012933218677247171,1.6062173692883919
151,0.5995324158420579,0.9629806373213791,7.480256472828384e-06,0.14461792553528982,1.5625130531634368
152,0.641769008316142,0.9434327639648963,0.00024216213729115997,0.11540475606531894,1.5852017722810383
153,0.7275118115035593,0.8824538169261151,0.00015664855828321947,0.036759180761922874,1.6099656284296744
154,0.4477312469299452,1.0079539516160807,2.6493675930750328e-05,0.23427049772371605,1.455685198546026
155,0.5728458885613964,0.9732705283948687,0.0007683670998998447,0.16192336015723063,1.5461164169562651
156,0.6695003926299686,0.928511835962003,0.5813692019881902,0.38069794210621954,1.5980122285919718
157,0.629594346097761,0.9495339867613903,7.810379619073972e-05,0.12414865092862987,1.5791283328591512
158,0.53479132582763,0.9860555611380925,0.0001281991710965286,0.18479869070549693,1.5208468869657223
159,0.7844326449512191,0.47373876971760437,1.3400304489151915,0.043997256006751195,1.2581714146688234
160,0.3386511089448365,1.0241104804363945,0.0004831912942235165,0.2946536508694041,1.362761589381231
161,0.7507868843376855,0.8524751110462251,0.0004140278910769249,0.0016722451067635279,1.6032619953839107
162,0.5894231946251146,0.9670392677933235,0.00023815880486938715,0.1512618719122521,1.556462462418438
163,0.3135804223717623,1.0262212137271507,0.0218859233638104,0.3146613715429975,1.3398016360989131
164,0.5745202701320793,0.9725591105469111,0.0017260558531226695,0.16116861701314403,1.5470793806789904
165,0.5532927081240501,0.980150973145142,0.00010478080842492051,0.1737329258884476,1.533443681269192
166,0.6938818578410791,0.9115872242456342,8.776494956942292e-06,0.0725662529410357,1.6054690820867132
167,0.7719194416863768,0.49903005539905926,1.3279156978009896,0.07825986562133422,1.270949497085436
168,0.5944912035819526,0.9650396171200764,2.9790544493683157e-05,0.1479200368252903,1.559530820702029
169,0.5842548372215439,0.9690727257766654,4.355512266116565e-05,0.1545110519181432,1.5533275629982093
170,0.31957153906056074,1.0257837449703335,6.735531737090631e-05,0.3052893516545041,1.3453552840308942
171,0.5626720156081992,0.976967393971425,2.569226482193944e-05,0.1679933340069392,1.5396394095796242
172,0.2688278571437314,1.0291004830129298,0.04594861087721681,0.3475475604575483,1.2979283401566613
173,0.43583397537260155,1.0102839285965561,7.98134581500795e-06,0.24084202673702876,1.4461179039691576
174,0.6881976706350001,0.9153926469067739,0.0017260558531226695,0.07834949019137574,1.603590317541774
175,0.6802966874715646,0.9219931889349597,0.599297670257357,0.38034100810921945,1.6022898764065243
176,0.6881489457616444,0.9165828503484241,0.5933369295045853,0.3662082408598627,1.6047317961100687
177,0.3083506865104978,1.0266429524733465,0.006301254283579652,0.3133309199309298,1.3349936389838444
178,0.6226766063168331,0.9527885853329114,0.0002813387265984893,0.12907026346698253,1.5754651916497444
179,0.7690597372970802,0.5053563353810944,1.3410296190302318,0.09054730167615248,1.2744160726781746
180,0.5230990691634032,0.9895493178092889,4.503597178944158e-07,0.19162195350205785,1.512648386972692
181,0.3335778279808428,1.0245902274592398,7.445806427082424e-05,0.2973894164670365,1.3581680554400826
182,0.5480233890749673,0.9818537760617925,0.00044091416490076116,0.17701084517434265,1.5298771651367598
183,0.7639779775477715,0.5157107412817457,1.3492727902526653,0.10821999105562058,1.2796887188295172
184,0.40840318759698535,1.0151075444589945,1.9594197968883747e-05,0.2559491227060152,1.4235107320559799
185,0.4485769831366224,1.0077777469143785,0.00012562468444372838,0.23383022428041078,1.456354730051001
186,0.7630886006722286,0.7955181770871775,0.10425774212351988,0.0006677423255260218,1.5586067777594061
187,0.7651067298964479,0.5135584683297911,1.3577715628490181,0.10731055473887981,1.2786651982262391
188,0.5656873541013449,0.9759064830457367,8.026612701880591e-05,0.16615478568959513,1.5415938371470816
189,0.36857003672600824,1.0208115546908128,2.451069313003573e-08,0.27788543143189803,1.389381591416821
190,0.5068132380386563,0.9940990138634447,7.645294587131299e-06,0.2010427288463995,1.500912251902101
191,0.7634289631477654,0.7903945043864595,0.11243870169832794,6.148632549773936e-06,1.553823467534225
192,0.7553994144485024,0.8399096415115276,0.021708407468098365,2.451915645692713e-07,1.59530905596003
193,0.41959599948856724,1.013116120379375,0.002874956812083721,0.25059439310856374,1.4327121198679422
194,0.6193326703380846,0.9543382531556268,0.00022889185115426702,0.1313689227670464,1.5736709234937114
195,0.39682330771332563,1.0169063830114522,0.0005390862054622308,0.26246103189006187,1.4137296907247778
196,0.6016868518892411,0.9620674561929641,0.00015285412359017196,0.14324354835473058,1.5637543080822052
197,0.41276995328294575,1.0143901069865977,2.73298180343357e-06,0.25354295865959503,1.4271600602695433
198,0.7133424063169769,0.8956326761017419,0.0022280166483363037,0.053861732477773025,1.6089750824187188
199,0.26004678563402117,1.0293942064360744,0.03112793889761585,0.34836165351943216,1.2894409920700955
200,0.21229720197804972,1.0307568007757328,0.09222869303709791,0.3976793910403643,1.2430540027537826
201,0.7792342622114905,0.48464434109797994,1.3425144322005795,0.06039586193942191,1.2638786033094704
202,0.2951490484559732,1.0274360301198193,0.0009207550563535667,0.31949167032932224,1.3225850785757924
203,0.35066723711947245,1.0228773397713848,0.0009207550563535667,0.28806427471590074,1.3735445768908572
204,0.5860175092290367,0.9681210403879429,0.0025629969979038547,0.15415816160724943,1.5541385496169795
205,0.4062471119017088,1.0154553225050234,1.6424224582074282e-05,0.2571338509343671,1.4217024344067322
206,0.32316533123033175,1.0254589847522562,0.013541434402529945,0.3069070633283162,1.348624315982588
207,0.5198874607585251,0.9904735318098066,3.811001326801402e-06,0.19349232732746496,1.5103609925683317
208,0.49944582246965624,0.9960226211870498,0.0003585909247351366,0.20536008492531221,1.495468443656706
209,0.5131414545971192,0.9922955473780224,0.0009919988591198803,0.1976898657698024,1.5054370019751415
210,0.3104665663770278,1.0264731708000192,0.0020571808231439302,0.3109928836684301,1.336939737177047
211,0.5975044473548763,0.9637501246939546,0.0005948534161333298,0.14612889385653952,1.561254572048831
212,0.516426106483006,0.9914263193319547,0.0003677683815456641,0.1956073776590647,1.5078524258149608
213,0.7496135121616548,0.8540672046771687,0.0021229607951579604,0.0045270083257800825,1.6036807168388236
214,0.6757002036966439,0.924327135004488,0.5640035019330597,0.36140827034781525,1.600027338701132
215,0.7764968432313073,0.4903412251992265,1.3413030653352693,0.06848280784598729,1.2668380684305338
216,0.7633267026452764,0.7929314597519556,0.10781852840998857,1.0814880825285589e-05,1.5562581623972318
217,0.693410170090933,0.9126434261131803,0.6250028238337,0.38034100810921945,1.6060535962041134
218,0.30401188223286624,1.0269653473371065,0.0218859233638104,0.32010006921620443,1.3309772295699727
219,0.3417797659683215,1.0237991665887702,0.0010850004361324605,0.2930649311403084,1.3655789325570917
220,0.7810376574834597,0.4808898618264714,1.3266262068492471,0.051848388096842224,1.261927519309931
221,0.2134081831255909,1.0307435394240727,0.09524696837748214,0.39807522024490805,1.2441517225496637
222,0.44145727232412263,1.0092010399927025,1.4069231256855588e-05,0.23773804418709288,1.450658312316825
223,0.7579798955356466,0.8289880711280756,0.04521551744424254,0.0018659888110866898,1.5869679666637222
224,0.7257666707918244,0.8842745026407443,2.5876584458406586e-05,0.038869884747105996,1.6100411734325686
225,0.5880148381507794,0.9676012845750777,0.0001584225948783615,0.1521423535342451,1.5556161227258571
226,0.7171206039373619,0.8925163559571208,0.0006062900347266267,0.04916256041518302,1.6096369598944826
227,0.5930954957104488,0.9655916675964586,0.00011893631963008546,0.14885356530813415,1.5586871633069075
228,0.28853657105466735,1.0277749878947513,0.00026028912699732566,0.3231577700408208,1.3163115589494185
229,0.5785730091641589,0.9711719391293614,0.0005889253975169053,0.15827757053445407,1.5497449482935202
230,0.5812665014446656,0.9702157169722667,2.5876584458406586e-05,0.1564039496307218,1.5514822184169323
231,0.6142561464311878,0.9566005666178411,0.0004796297781716752,0.13492306537274235,1.5708567130490287
232,0.7683516519625635,0.5069662801095776,1.3492727902526653,0.09501248563189918,1.275317932072141
233,0.7340329037313869,0.8753504697628927,8.120138615399659e-07,0.028207184290044637,1.6093833734942795
234,0.34620052668368867,1.0233586342940497,1.5837288286092238e-05,0.290309164653008,1.3695591609777384
235,0.6639303021220275,0.9309264394625418,0.0021741660829205506,0.0990430629587832,1.5948567415845694
236,0.5254569428335967,0.9888619064980954,1.1549066640625332e-07,0.1902453711600087,1.514318849331692
237,0.7955998087142073,0.4504689155843289,1.302032541826819,0.004941286107846082,1.2460687242985362
238,0.44394038970180305,1.0087114264703194,3.8224136960233355e-05,0.23637192449171074,1.4526518161721225
239,0.7756971219469893,0.491922467724491,1.3361124133276785,0.06968214701929053,1.2676195896714804
240,0.36507071342046027,1.0212407137148483,7.98134581500795e-06,0.2798236081408689,1.3863114271353085
241,0.7950717821159945,0.45096654344960224,1.3334651610297015,0.009822126707603906,1.2460383255655967
242,0.7623160878998958,0.8052148001160976,0.08614934491711801,0.00039138455136017436,1.5675308880159933
243,0.7154402743147515,0.8928337643350799,0.6229152545650953,0.3438133521636301,1.6082740386498315
244,0.7946012401193221,0.45287189157880786,1.3149359058702008,0.0100070181672339,1.24747313169813
245,0.4848701976637502,0.9996958392526332,0.000228293100050736,0.21358882909867352,1.4845660369163833
246,0.5518972151208132,0.9806017761890429,0.00023800263464464192,0.1746166269632286,1.5324989913098561
247,0.4589659597325835,1.0056119144197755,0.00014549634908111574,0.2280695205719856,1.464577874152359
248,0.6596908007239806,0.9336374798759959,0.00048755685114217767,0.10185896107221995,1.5933282805999764
249,0.5208720916244141,0.990181692317573,0.00012702107866479826,0.19295621736032528,1.511053783941987
250,0.2860868015632524,1.0281458282497877,0.02661203792615563,0.33175145432900904,1.31423262981304
251,0.24204296096310304,1.030183023724013,0.06925577511031798,0.37103342803251954,1.272225984687116
252,0.7340329037313869,0.8753504697628927,8.120138615399659e-07,0.028207184290044637,1.6093833734942795
253,0.6738819927102796,0.9259016839554091,0.6250028238337,0.4065086965073133,1.5997836766656888
254,0.49224627727700043,0.9977721035718304,0.0016991362723722152,0.2098446692707141,1.4900183808488308
255,0.2492489837873228,1.0299409836891282,0.0627980195215079,0.3645326769334116,1.279189967476451
256,0.49743320031888993,0.9965579450772006,0.00015664855828321947,0.20644808193280795,1.4939911453960906
257,0.7647916808074247,0.514189194606891,1.3543454454686155,0.10731055473887981,1.2789808754143157
258,0.7588090469373387,0.8268708614873179,0.04599376265516985,5.285619701422828e-06,1.5856799084246567
259,0.691563887155909,0.9132692382611699,1.4830221978823427e-05,0.07471623399390964,1.604833125417079
260,0.27063057884201047,1.0289332384899526,0.0641721502014219,0.3522490994372996,1.299563817331963
261,0.78759132361401,0.46623711894327885,1.3472596715968455,0.03435455357172881,1.2538284425572888
262,0.35456504436528613,1.0224597381529454,9.542825262564051e-05,0.2856737004286481,1.3770247825182316
263,0.3141954392069734,1.026190457096817,0.018407292538826128,0.3133309199309298,1.3403858963037905
264,0.6440704621870739,0.9419217654181469,0.5813692019881902,0.40827911468039196,1.5859922276052207
265,0.7188027073088361,0.8910632710952857,4.8589149237641645e-06,0.047061592313235756,1.6098659784041218
266,0.42959725995605436,1.0114469883377182,4.9837905217396786e-06,0.24428074823510448,1.4410442482937724
267,0.7251232209791707,0.8849267975015627,2.5876584458406586e-05,0.03965396526345359,1.6100500184807334
268,0.6248625700000611,0.9517845648067597,0.00012402708444810917,0.12749609702165357,1.5766471348068207
269,0.4783374684237895,1.0011962154247112,0.0012017655789348185,0.21754814125507999,1.4795336838485007
270,0.31955458039384893,1.0257861252502347,0.0004903789459888419,0.30541085907730053,1.3453407056440836
271,0.2500590168166056,1.0298513036649612,0.045287236907401864,0.35854351286447944,1.2799103204815667
272,0.766798772097516,0.5099014196218834,1.3428089032548,0.09775674234900114,1.2767001917193994
273,0.47472769675350585,1.0021126427645444,1.6856486124786627e-05,0.21923199053777387,1.4768403395180503
274,0.2593855427374825,1.0295379095549666,0.05541603173232201,0.35608517852044846,1.288923452292449
275,0.6084628718847827,0.959201357575267,3.3995866513966363e-06,0.1386879678509404,1.5676642294600498
276,0.7494422034053351,0.8547350652206755,2.804852914984017e-06,0.004049296664657226,1.6041772686260107
277,0.7839141515201045,0.47507146779300025,1.3305324437221455,0.04419560762261074,1.2589856193131048
278,0.6396250166532933,0.9445565071864206,6.735531737090631e-05,0.11692275393306917,1.584181523839714
279,0.5549027975783153,0.9796177559236392,5.300794718993325e-05,0.17274180523845753,1.5345205535019546
280,0.4218454168299544,1.0128347421340376,8.026612701880591e-05,0.2485713951431216,1.434680158963992
281,0.5711471877464186,0.9739293863983134,0.00035541283784716805,0.1628563244283231,1.545076574144732
282,0.3879679569045038,1.018220913857185,7.740397062936757e-05,0.2672062451540199,1.4061888707616887
283,0.25702942707319026,1.0295474003768323,0.07791920915445993,0.3649166223907596,1.2865768274500227
284,0.7615318610553199,0.8118564980973193,0.07358594627273285,9.884404588065526e-05,1.5733883591526392
285,0.7113855206063673,0.897706111964523,2.5876584458406586e-05,0.0552012225229169,1.6090916325708902
286,0.7775206163406392,0.4880375185371839,1.32898808216551,0.06258363927679485,1.265558134877823
287,0.7728034807938545,0.49746581232642967,1.3305324437221455,0.07655419191590404,1.2702692931202841
288,0.3669775852118413,1.0210010101161777,0.00041537547839154854,0.2788792312916869,1.387978595328019
289,0.6855230650743549,0.9184648180996375,0.5971294982790729,0.37220016973435743,1.6039878831739924
290,0.3978607592004437,1.0167586774713846,0.0002174462281830375,0.2618013926728016,1.4146194366718283
291,0.7389149382278158,0.8693180250550196,0.0010113111410518312,0.021663204528697133,1.6082329632828354
292,0.7962343999819297,0.4486899947116103,1.330161451532615,0.00604732480896597,1.24492439469354
293,0.48255376517774645,1.0002148839088412,0.0008520858373404173,0.21507534829412872,1.4827686490865877
294,0.6025646371575205,0.9617167055201015,1.0451902560309014e-06,0.1426164040058988,1.564281342677622
295,0.7237607805573842,0.8859060662623679,0.0022280166483363037,0.042062018560502,1.6096668468197521
296,0.6837493582324037,0.9194774841616038,0.5815908415838245,0.36382845627476396,1.6032268423940075
297,0.606484898845354,0.9600338572598416,0.00016871993526410608,0.14006286951593636,1.5665187561051956
298,0.7970166211227874,0.44656722041677005,1.3335883309389716,0.0034218367913203956,1.2435838415395575
299,0.38493498389994724,1.0186510667111999,3.2391427345070892e-06,0.26885613347053605,1.403586050611147
300,0.707091984511263,0.901327705736167,6.620556964774202e-07,0.059666113016262734,1.60841969024743
301,0.7226424572930529,0.8873560068335646,0.0002301003344412813,0.04269522579778076,1.6099984641266176
302,0.7854437170559587,0.4718423553595221,1.3333655250558225,0.04004197449325603,1.2572860724154808
303,0.40522040559215045,1.0156121819954014,0.0002298205697619324,0.257757716809739,1.4208325875875518
304,0.6084628718847827,0.959201357575267,3.3995866513966363e-06,0.1386879678509404,1.5676642294600498
305,0.23411599887753037,1.030400191459293,0.0798057530972596,0.3794918282423779,1.2645161903368234
306,0.3554088207582166,1.0221521672914198,0.013390367936423151,0.2888708497342888,1.3775609880496364
307,0.26294632241794846,1.0293763504090916,0.05541603173232201,0.35396801875255757,1.29232267282704
308,0.4147108372867333,1.014047444110195,0.00047372635667326714,0.25260698250480884,1.4287582813969282
309,0.496314419040301,0.9968526326982836,5.33637838101762e-05,0.20705476472612094,1.4931670517385847
310,0.44231785578122534,1.0090323073185354,1.7757264004911787e-05,0.23726336959744015,1.4513501630997607
311,0.758580071944402,0.827886311915522,0.0441140531864796,2.4123487386840115e-07,1.586466383859924
312,0.27639471034738206,1.0285790233440197,0.016824047023053294,0.3346678114329636,1.3049737336914018
313,0.4115348759388859,1.0145950548978737,3.4648555093340613e-06,0.254222428508046,1.4261299308367597
314,0.5475124473237737,0.9820574846380921,2.569226482193944e-05,0.17719336247970682,1.5295699319618659
315,0.5427893139363327,0.9835734309566295,1.4269970572843417e-05,0.18001673627227913,1.5263627448929622
316,0.2564091277507061,1.0296635229560156,0.05791894606961076,0.3586573641902643,1.2860726507067217
317,0.7729954330369646,0.49704730564957855,1.3298234794384804,0.07579330761182276,1.2700427386865432
318,0.43340433172806764,1.0107373730484124,0.0001041407311136236,0.24220965455070165,1.44414170477648
319,0.606484898845354,0.9600338572598416,0.00016871993526410608,0.14006286951593636,1.5665187561051956
320,0.7852188260614825,0.472373249273466,1.32898808216551,0.04004197449325603,1.2575920753349485
321,0.5827305457040349,0.9696320411712526,0.00027783859828915913,0.15555223183764455,1.5523625868752875
322,0.7871994212978869,0.4682087754718969,1.3307750436739498,0.03435455357172881,1.2554081967697837
323,0.620346813526634,0.9538986029926501,2.0001014738877667e-05,0.13060362504805825,1.574245416519284
324,0.3801712769919866,1.019300629168853,0.00023686525448558815,0.2715453656651904,1.3994719061608394
325,0.7553913846742417,0.8399364497430226,0.021657449038950755,1.570819579153068e-08,1.5953278344172643
326,0.5582150042133579,0.9784637943702204,0.00041476112549425695,0.1708366400729195,1.5366787985835781
327,0.638068287270214,0.9452508915837968,0.0008073607599057842,0.11829302059174177,1.5833191788540109
328,0.6686080228593068,0.9291856258893137,0.6017137914797338,0.3962336296253352,1.5977936487486204
329,0.7313986223437203,0.8779941438334221,0.0018021749729925651,0.03236687038846378,1.6093927661771423
330,0.41531556860848706,1.0139508723993038,0.0003243866137631452,0.25223263003353463,1.4292664410077909
331,0.4342998808454645,1.0104836360242722,0.001988840173579594,0.242248495470347,1.4447835168697367
332,0.646018239929894,0.9410091223556679,0.6005154023735628,0.42058911400001303,1.587027362285562
333,0.5224890890650229,0.9897157886425861,0.00012653211008666662,0.19201471856340177,1.512204877707609
334,0.7861599553747658,0.47032590268102614,1.3201653345949276,0.03563102183020997,1.2564858580557918
335,0.7094571154526641,0.8993538560592351,3.1665290102729548e-06,0.05722211829855875,1.6088109715118992
336,0.4845768820705272,0.9997817354798052,2.73298180343357e-06,0.21368899870739477,1.4843586175503325
337,0.48727383878203184,0.9990844731275023,0.0005950818628323714,0.21233795869346891,1.486358311909534
338,0.7781105121499232,0.48635369978953535,1.3555938031124661,0.06574399883989582,1.2644642119394587
339,0.2885182016751877,1.027913404728503,0.010814935038445567,0.32595709094724373,1.3164316064036907
340,0.7981008805621292,0.44486483103135,1.326487594712391,2.99757297317349e-08,1.2429657115934791
341,0.46315911444415087,1.0047078896760178,0.00010220013876157741,0.2257226006899577,1.4678670041201687
342,0.4508691252167905,1.007305989948803,0.00020252186912236625,0.2325818395935496,1.4581751151655935
343,0.5988010335762254,0.9632742643510441,8.387014764490476e-05,0.1451217868031009,1.5620752979272696
344,0.779528960895004,0.48409784977010106,1.3334651610297015,0.05777526104593933,1.2636268106651052
345,0.4787773609770697,1.0011604152691365,0.00012509668859126766,0.2169898984874552,1.479937776246206
346,0.3801712769919866,1.019300629168853,0.00023686525448558815,0.2715453656651904,1.3994719061608394
347,0.5567231911789098,0.9789703281414605,0.00041476112549425695,0.17174492046087947,1.5356935193203702
348,0.6213360325171717,0.9534414191010155,2.9438471106271003e-05,0.12992198126005977,1.5747774516181874
349,0.7028557202396446,0.9051112599721871,0.6016948709841201,0.35123140760742955,1.6079669802118317
350,0.45086838044833605,1.0073062179696952,0.00020107109884044292,0.2325818395935496,1.4581745984180312
351,0.695108668628623,0.9103841030246219,0.0018938615657336233,0.07204628485424094,1.6054927716532448
352,0.7839141515201045,0.47507146779300025,1.3305324437221455,0.04419560762261074,1.2589856193131048
353,0.766798772097516,0.5099014196218834,1.3428089032548,0.09775674234900114,1.2767001917193994
354,0.43174801232649684,1.0110393383669507,0.00025629675844698104,0.2431659341572544,1.4427873506934477
355,0.2743808942546667,1.0286886494820506,0.066637190691676,0.3508608819623202,1.3030695437367172
356,0.7105125429584512,0.8984560227966866,1.5677774011099126e-05,0.05612013741973634,1.6089685657551378
357,0.7962594823537423,0.4480958197882123,1.288519390783737,2.457066367034244e-08,1.2443553021419547
358,0.651198114178507,0.9384581260424762,1.541033253920733e-05,0.10827476642933406,1.5896562402209833
359,0.2411000850793462,1.0302010105850448,0.07677526049808037,0.37415129430286775,1.2713010956643909
360,0.5456526337529068,0.982659180653753,1.1735745169889818e-05,0.17830439083839075,1.5283118144066599
361,0.7149544734355497,0.8945794110166001,9.640358713160896e-07,0.05134841492071901,1.6095338844521498
362,0.647515776593376,0.9404467045853032,5.001585023319124e-06,0.11105540789459577,1.5879624811786792
363,0.7737060973740514,0.49544906289636453,1.3265711951080068,0.07278977786520352,1.2691551602704159
364,0.45785994659143275,1.0058349995925353,0.00038088140677399254,0.22875180306476517,1.4636949461839681
365,0.7633859146052031,0.7915928189732806,0.11024057937989501,2.2864210496086875e-08,1.5549787335784837
366,0.2927456671370005,1.027713739371713,0.01663636463149515,0.32509811803276556,1.3204594065087136
367,0.5269910368973914,0.988409187346301,1.7757264004911787e-05,0.18935313175697718,1.5154002242436924
368,0.38279706003446623,1.0189477233983504,6.815643801680364e-07,0.27003331721453305,1.4017447834328167
369,0.7575370331370952,0.8315153332098296,0.038978994299826715,0.0009400117998462909,1.589052366346925
370,0.7863521459514222,0.4699256477827003,1.333367527564063,0.037273737372341895,1.2562777937341225
371,0.6433424399179668,0.9426070016467284,0.0003123653653666225,0.11426526462556905,1.5859494415646953
372,0.27192377691834113,1.0289111373903097,0.0561629430645678,0.34890894572851616,1.3008349143086508
373,0.6495531449697337,0.939274841404025,0.5815908415838245,0.40273908065112174,1.5888279863737587
374,0.7381566501700398,0.8704365922197723,3.862284699767337e-05,0.022421189585956,1.6085932423898122
375,0.23590199721646327,1.0303228094202914,0.060157374083993735,0.3718244900194904,1.2662248066367547
376,0.6677136416326918,0.9296087453319826,0.5853941818438059,0.38560411440948195,1.5973223869646742
377,0.544287322628503,0.9830954469446598,2.597126088969512e-05,0.1791255775742794,1.5273827695731628
378,0.647515776593376,0.9404467045853032,5.001585023319124e-06,0.11105540789459577,1.5879624811786792
379,0.6553181819182035,0.9363917475301008,0.585800058976679,0.3996834115709981,1.5917099294483044
380,0.7870054283495719,0.4685411893847512,1.333367527564063,0.035273693774499654,1.255546617734323
381,0.7366411854896651,0.8721490020304826,0.0007683670998998447,0.02485832032836577,1.6087901875201478
382,0.6666949588084005,0.9298717187661436,0.5670389011085886,0.3737382259378772,1.5965666775745442
383,0.7768904445123628,0.48953336563253413,1.3408330803005892,0.0671984616509427,1.266423810144897
384,0.7626205569665339,0.8027537192288458,0.09005716709353949,6.628415076075215e-05,1.5653742761953797
385,0.5639620710039333,0.9765136256378972,6.639925904595119e-05,0.16721306435795824,1.5404756966418305
386,0.7536465062860913,0.845155337656878,0.012521043828330025,0.00046161637062657954,1.5988018439429692
387,0.32466129088745277,1.025365289296956,0.0053743837826764574,0.3038294106321935,1.3500265801844087
388,0.499444715569878,0.9960230634716838,0.00035642820237813345,0.20536008492531221,1.4954677790415618
389,0.29441121429352923,1.0276115479383185,0.01663636463149515,0.3241374698058175,1.322022762231848
390,0.6650939568697647,0.9305302474864411,0.00012402708444810917,0.09744631423808256,1.5956242043562057
391,0.7626881460918753,0.8011465949301688,0.09383637288234636,0.0005636781890616671,1.5638347410220441
392,0.7929619501803691,0.45587118538532023,1.3305310740477005,0.016512048003977736,1.2488331355656892
393,0.6837493582324037,0.9194774841616038,0.5815908415838245,0.36382845627476396,1.6032268423940075
394,0.28374220854958065,1.028291654427161,0.03422655874445157,0.3353164737013152,1.3120338629767416
395,0.49131499285453784,0.9981220890349431,3.2391427345070892e-06,0.20987911228244416,1.489437081889481
396,0.6749708260139773,0.9253683552517812,0.5974518992186482,0.38560788863514,1.6003391812657584
397,0.5868915486586481,0.968028873977503,0.00026157726059655815,0.15289391657723966,1.554920422636151
398,0.2390075974447864,1.0302654952262909,0.06458218480781219,0.37134850474259995,1.2692730926710771
399,0.5146884212639465,0.9919305608651292,0.00014549634908111574,0.19654731797907507,1.5066189821290759
