4.818207989413197945e-02,4.576260899393447268e-03,9.297533773765200849e-01,8.572394998136174948e-02,1.784168269091934711e-02,9.999999992294524853e-01
9.086157152004963322e-01,7.661332809307263014e-01,9.297533773765200849e-01,1.766715302536554094e-02,8.608749248436597945e-01,3.053409049718966428e-01
9.020806933018112872e-01,7.898252853342550006e-01,9.297533773765200849e-01,1.820105912667303177e-02,9.999999852516031629e-01,2.620784776791585946e-01
9.485338726813014043e-02,-8.587893560308201835e-03,9.297533773765200849e-01,8.392314346240155321e-02,1.595439158144694725e-01,9.990331268402895537e-01
4.804690012215845352e-02,6.296860953336591571e-03,9.297533773765200849e-01,8.571615618493917677e-02,9.154555547087550593e-03,9.999999997025362797e-01
9.061514911055317256e-01,7.795252385342857915e-01,9.297533773765200849e-01,1.644005835125290221e-02,8.704830999002407532e-01,2.416934428373082588e-01
1.379271449478656764e-01,-6.362454536519179804e-03,9.297533773765200849e-01,8.226050784970313778e-02,2.212436629591923998e-01,9.999998048426639308e-01
1.494733981580358972e-01,-5.279739498310731527e-03,9.297533773765200849e-01,8.179317501324152861e-02,2.354061076555744592e-01,9.999999805331318825e-01
3.426788064146527035e-01,2.797737504115593854e-02,9.297533773765200849e-01,7.373288778817795042e-02,4.232830518338819292e-01,9.999989427845377143e-01
4.956862756370830625e-01,7.083573207919846570e-02,9.297533773765200849e-01,6.698390676093042562e-02,5.542398923661202570e-01,9.999925815388930328e-01
3.866933913978690129e-01,3.868093026101837584e-02,9.297533773765200849e-01,7.183062228975729824e-02,4.610255643570310147e-01,9.999901428227396805e-01
5.699703230109909313e-01,9.890473028370172504e-02,9.297533773765200849e-01,6.351452111571438686e-02,6.204394462531955812e-01,9.997669912312742158e-01
1.821527926113324924e-01,-1.460651770064713695e-03,9.297533773765200849e-01,8.045956632531743591e-02,2.724014286808988383e-01,9.999822371556866818e-01
8.536163920519390658e-01,4.057236586273399448e-01,9.297533773765200849e-01,4.320728622899189936e-02,9.973848323939451532e-01,9.273565674529735681e-01
3.778726733250286629e-01,3.644335360145112279e-02,9.297533773765200849e-01,7.221340456073561953e-02,4.534978651278962491e-01,9.999824366318614821e-01
3.503704109695880420e-01,2.976423625335178347e-02,9.297533773765200849e-01,7.340248676211620638e-02,4.299225488846128984e-01,9.999980101229800633e-01
8.370131850590128986e-02,-8.251182281289515252e-03,9.297533773765200849e-01,8.442157497061771043e-02,1.400477992356487511e-01,9.999899156978401260e-01
5.718780832773889822e-02,-3.954471295889105953e-03,9.297533773765200849e-01,8.543453936812557548e-02,7.487660197407614016e-02,9.999992946424747231e-01
8.964891604406579617e-01,7.125924394572275000e-01,9.297533773765200849e-01,2.584727434626200165e-02,9.999981362499664739e-01,5.408764174553012394e-01
8.611999429055350319e-01,4.581176173301765298e-01,9.297533773765200849e-01,4.006762367033950972e-02,9.992335645040055780e-01,8.705314836415153357e-01
7.087442965776622472e-01,1.744956486449164013e-01,9.297533773765200849e-01,5.650392508733177027e-02,7.634971262284933058e-01,9.998440426360329925e-01
5.766419736973906751e-01,1.016402775354189325e-01,9.297533773765200849e-01,6.321288988398605924e-02,6.267021215991305239e-01,9.999949513758996655e-01
1.930758795994327870e-01,2.311932842735675564e-05,9.297533773765200849e-01,8.001250347710527067e-02,2.839987424376332337e-01,9.999999710886796622e-01
7.243990103138306935e-01,1.861656244126473903e-01,9.297533773765200849e-01,5.564614792995931786e-02,7.827292933251360774e-01,9.999999540314681301e-01
1.868228198017894415e-01,-8.376207026733473171e-04,9.297533773765200849e-01,8.026880471384086058e-02,2.774006713319466244e-01,9.999927763692227911e-01
1.105538953762695287e-01,-8.159397537345625118e-03,9.297533773765200849e-01,8.335976776000549038e-02,1.842398480383594106e-01,9.999977742946113413e-01
8.631349486618296041e-01,4.715623133030698577e-01,9.297533773765200849e-01,3.930483592738160531e-02,9.999942958907648283e-01,8.561660709768625921e-01
7.301950950243414340e-01,1.907747076921660900e-01,9.297533773765200849e-01,5.531876447392975599e-02,7.900825865243396029e-01,9.999999327837065799e-01
5.790696593648609891e-01,1.026826799071992591e-01,9.297533773765200849e-01,6.309717155410306255e-02,6.289624381909540984e-01,9.999996667082713397e-01
6.006680320747781465e-01,1.123819336452905882e-01,9.297533773765200849e-01,6.204985262580593047e-02,6.493215873851677644e-01,9.999183640283498820e-01
8.845227493218734693e-01,6.275547745888824247e-01,9.297533773765200849e-01,3.072512849163173271e-02,9.999599216297497817e-01,6.704982839982789322e-01
8.271562226766624448e-01,3.060788540343916120e-01,9.297533773765200849e-01,4.891603394701610902e-02,9.510211444347407284e-01,9.987435180952002334e-01
2.186872603243861790e-01,3.843502938972620520e-03,9.297533773765200849e-01,7.895597135672789701e-02,3.100491868952227614e-01,9.999998202631357191e-01
8.739527720965716284e-01,5.520410627815645066e-01,9.297533773765200849e-01,3.474633971878655220e-02,9.975225453686820121e-01,7.624120939455882873e-01
9.015986214555828937e-01,7.490374724074536639e-01,9.297533773765200849e-01,2.328988777117303038e-02,9.971236991089036383e-01,4.626052778325071557e-01
8.522819167744222213e-01,3.932689422436249638e-01,9.297533773765200849e-01,4.407341944788984583e-02,9.999985082052813556e-01,9.436944794720372176e-01
8.210089509659175278e-01,2.947562978323313709e-01,9.297533773765200849e-01,4.943744954541168940e-02,9.372258393279928601e-01,9.994450070494506067e-01
8.582924712099915254e-01,4.362819308244164640e-01,9.297533773765200849e-01,4.138729595584173665e-02,9.999954345523420773e-01,8.955110847971476939e-01
8.639248305324960242e-01,4.775443723456002099e-01,9.297533773765200849e-01,3.895399444540565553e-02,9.997557235279657117e-01,8.492758237188010595e-01
6.747997768842131094e-01,1.520162025627721514e-01,9.297533773765200849e-01,5.830376228322959459e-02,7.246770445161347940e-01,9.996406894911616936e-01
2.267254411563746630e-01,5.133642076354250072e-03,9.297533773765200849e-01,7.862280694166108586e-02,3.179521016983087867e-01,9.999994230135343942e-01
2.844610988267666785e-01,1.554928660226073678e-02,9.297533773765200849e-01,7.620802786695708708e-02,3.719663442113333995e-01,9.999962332441216795e-01
8.947178856995554597e-01,6.999095058681371606e-01,9.297533773765200849e-01,2.661788015317285289e-02,9.997455296740146435e-01,5.629957937429417303e-01
5.940055379614639364e-01,1.093160990419571599e-01,9.297533773765200849e-01,6.237466325571356524e-02,6.429812194501492995e-01,9.999428296566251761e-01
8.242963092548611925e-01,3.002270603160704932e-01,9.297533773765200849e-01,4.920602229410626222e-02,9.448077067015768771e-01,9.999119884008940140e-01
7.703758120178170188e-01,2.276256633828618314e-01,9.297533773765200849e-01,5.293578420896778020e-02,8.459856471071626194e-01,9.999990926142949821e-01
5.848639350452335961e-01,1.052116049255810148e-01,9.297533773765200849e-01,6.281883835632658120e-02,6.343760832206631894e-01,9.999921968293287167e-01
8.748120618637136303e-01,5.572264194077002353e-01,9.297533773765200849e-01,3.453294322681727674e-02,9.999981362499664739e-01,7.582394863648799221e-01
8.622639564917298216e-01,4.652844436445869869e-01,9.297533773765200849e-01,3.966603050077250475e-02,9.998875332886980605e-01,8.630888010679967914e-01
1.744860429536734814e-01,-2.444267011502687659e-03,9.297533773765200849e-01,8.077456375303888880e-02,2.640659192162336244e-01,9.999997970029246286e-01
8.334736049310000894e-01,3.176769247221878922e-01,9.297533773765200849e-01,4.846044454838977639e-02,9.670928131259847182e-01,9.999999852257507316e-01
2.317450708288353867e-01,5.987200661744851438e-03,9.297533773765200849e-01,7.836512207722896861e-02,3.225773615640091796e-01,9.993025717340234815e-01
7.326565783006904198e-01,1.927791356626707975e-01,9.297533773765200849e-01,5.517852870366152934e-02,7.932502615092389409e-01,9.999978117655993204e-01
8.778364705013137481e-01,5.798979910927665182e-01,9.297533773765200849e-01,3.324767117886302109e-02,9.979188662874558524e-01,7.294145536626610582e-01
6.983393033234213121e-01,1.671033203667727784e-01,9.297533773765200849e-01,5.707930199252970321e-02,7.513067327993443456e-01,9.999999915052515398e-01
4.727063076147280385e-01,6.328984742752175041e-02,9.297533773765200849e-01,6.802492707263059490e-02,5.343786700371969678e-01,9.999950699699480250e-01
1.050897918983642598e-01,-8.349268504877271901e-03,9.297533773765200849e-01,8.357718481856075965e-02,1.760679366479174224e-01,9.999928415556782468e-01
6.433583662635973255e-01,1.337090378926385492e-01,9.297533773765200849e-01,5.994203441625640255e-02,6.915700618859401683e-01,9.999999190634811796e-01
7.643218681735239883e-01,2.214380646115424733e-01,9.297533773765200849e-01,5.330828027146711917e-02,8.368946395180175690e-01,9.999747856498224508e-01
5.104854856174503297e-01,7.597871633883335196e-02,9.297533773765200849e-01,6.630080151689861367e-02,5.671215152051626296e-01,9.999026702765050345e-01
9.010318126450789222e-01,7.431063742914881809e-01,9.297533773765200849e-01,2.362838628477798714e-02,9.937609047169774223e-01,4.744003408817029088e-01
8.189780731954519055e-01,2.911142235414653223e-01,9.297533773765200849e-01,4.961462680261447683e-02,9.329342553832573604e-01,9.998401196544879355e-01
7.506297661634127039e-01,2.083260151448863562e-01,9.297533773765200849e-01,5.413424295403763270e-02,8.173078045495175692e-01,9.999980677745645696e-01
9.064923105760547273e-01,7.541869337058481060e-01,9.297533773765200849e-01,2.036868247650542446e-02,9.140757445999680986e-01,3.879486208594328245e-01
6.827610725161141758e-01,1.568459435334214058e-01,9.297533773765200849e-01,5.790615012385631061e-02,7.335792185967907608e-01,9.999428296566251761e-01
8.952400251263616937e-01,7.032970119888114491e-01,9.297533773765200849e-01,2.638125178983864033e-02,9.986800473602411854e-01,5.564238737099050924e-01
8.929751976901263433e-01,6.876244653129953699e-01,9.297533773765200849e-01,2.735379905833602160e-02,9.999598742692392683e-01,5.834361622953191384e-01
4.078608860341850773e-01,4.425456360832902281e-02,9.297533773765200849e-01,7.090649182267257100e-02,4.790466849413554939e-01,9.999999382179314278e-01
8.158099562522798109e-01,2.858636812195195498e-01,9.297533773765200849e-01,4.986219338217274394e-02,9.262404792111720297e-01,9.999920148894050342e-01
8.921158492708078924e-01,6.815344164014428552e-01,9.297533773765200849e-01,2.770712593289837572e-02,9.999151306639548764e-01,5.930609226650440657e-01
7.031227311267818081e-01,1.704186217057023223e-01,9.297533773765200849e-01,5.682037998812334428e-02,7.568919735206064425e-01,9.999969436529121403e-01
8.682615054662496945e-01,5.091874580229737157e-01,9.297533773765200849e-01,3.717101577992360656e-02,9.999901405740370119e-01,8.138185509582440691e-01
3.698431202401471496e-01,3.457698668742159587e-02,9.297533773765200849e-01,7.251152303598736026e-02,4.463745751751559965e-01,9.993025717340234815e-01
7.386819220147904375e-01,1.980125087655105753e-01,9.297533773765200849e-01,5.480892238006213751e-02,8.009847504987915867e-01,9.996223862147233241e-01
2.228586202095206859e-01,4.507813372195301760e-03,9.297533773765200849e-01,7.878319638678139836e-02,3.141649604815173191e-01,9.999999948458537791e-01
1.162691687996889045e-01,-7.891825188086953879e-03,9.297533773765200849e-01,8.313148873304117281e-02,1.924608251638336986e-01,9.999999327837065799e-01
8.303476375334062354e-01,3.114449559887143559e-01,9.297533773765200849e-01,4.872201473138144251e-02,9.592222856723603419e-01,9.999977742946113413e-01
2.535622391021084554e-01,9.732493449599588509e-03,9.297533773765200849e-01,7.750404064462886045e-02,3.435797442170556160e-01,9.999824366318614821e-01
3.535438394946331386e-01,3.052087252133139916e-02,9.297533773765200849e-01,7.326199374425364230e-02,4.326347741936620306e-01,9.999438110638170230e-01
7.900662522886241490e-01,2.503249551434360010e-01,9.297533773765200849e-01,5.162963524908332352e-02,8.774441650033801832e-01,9.992972485635153168e-01
1.533777555455194119e-01,-4.879308011074612317e-03,9.297533773765200849e-01,8.163361023941369254e-02,2.400416869578900214e-01,9.999835071337788150e-01
2.933691790013446821e-01,1.733149848460391329e-02,9.297533773765200849e-01,7.582904773114514108e-02,3.799576636523948059e-01,9.999552943531032634e-01
8.661569732794509591e-01,4.945088848771087564e-01,9.297533773765200849e-01,3.796637742203540916e-02,9.989346076876104430e-01,8.295549384600783283e-01
6.185088465053203421e-01,1.208770306281602425e-01,9.297533773765200849e-01,6.118190047331168585e-02,6.666509930005217743e-01,9.999998662011279071e-01
8.796976924616251026e-01,5.938861681496968581e-01,9.297533773765200849e-01,3.241478367223122464e-02,9.951991352642881594e-01,7.101167188716179801e-01
2.617132362919810107e-01,1.128189374407873036e-02,9.297533773765200849e-01,7.709470022483551344e-02,3.508166670615089910e-01,9.990287688322938564e-01
5.405206741456245467e-01,8.699148859309480120e-02,9.297533773765200849e-01,6.491813720603530069e-02,5.937694242755235940e-01,9.999999865743405270e-01
6.086756170239473462e-01,1.161097809668044656e-01,9.297533773765200849e-01,6.166503837695453544e-02,6.570615717681000945e-01,9.999998662011279071e-01
8.379910912075976270e-01,3.272689255349329196e-01,9.297533773765200849e-01,4.806916300166003825e-02,9.790901875170153756e-01,9.999998468539159635e-01
8.763998319588628405e-01,5.688193285882144901e-01,9.297533773765200849e-01,3.390473571383152002e-02,9.999949612052964065e-01,7.444186840909929881e-01
8.823515773725594258e-01,6.119727851420529996e-01,9.297533773765200849e-01,3.156958252266146153e-02,9.998801434360562457e-01,6.908147761217771077e-01
7.031227311267818081e-01,1.704186217057023223e-01,9.297533773765200849e-01,5.682037998812334428e-02,7.568919735206064425e-01,9.999969436529121403e-01
6.716990508267164373e-01,1.499458776357111001e-01,9.297533773765200849e-01,5.848883214647333101e-02,7.214311770895803777e-01,9.999863389180676521e-01
8.690071797763172512e-01,5.146604156165986987e-01,9.297533773765200849e-01,3.686667923107140449e-02,9.999987357903982188e-01,8.075993903972787935e-01
8.870983145501076805e-01,6.459525759748766527e-01,9.297533773765200849e-01,2.971682550307570142e-02,9.999994260941649227e-01,6.455052169395917305e-01
8.887409817001872270e-01,6.574066684427203322e-01,9.297533773765200849e-01,2.900632908517981196e-02,9.974725157235773132e-01,6.274301374836849243e-01
6.686416440014815166e-01,1.489657556843250186e-01,9.297533773765200849e-01,5.853148787608037501e-02,7.174665684448309211e-01,9.982733881889213068e-01
8.505703586794473026e-01,3.812553197930080850e-01,9.297533773765200849e-01,4.485985311739010967e-02,9.999981362499664739e-01,9.573017832067836075e-01
9.082949757838383320e-01,7.733460961834760505e-01,9.297533773765200849e-01,1.746142444539556388e-02,8.762299739760143202e-01,2.888108245601724300e-01
8.237110544617669561e-01,2.991398655677196539e-01,9.297533773765200849e-01,4.925673511150736178e-02,9.435034224382965462e-01,9.999977742946113413e-01
1.629559299161789654e-01,-3.827011663095958305e-03,9.297533773765200849e-01,8.124503618146379502e-02,2.511547874480873910e-01,9.999986753102551029e-01
3.907217867108832565e-01,3.972641679876665055e-02,9.297533773765200849e-01,7.165289831474881688e-02,4.644461948461202083e-01,9.999594047534626773e-01
7.613291864036275669e-01,2.184560688156077513e-01,9.297533773765200849e-01,5.349243210484983663e-02,8.325142690778087884e-01,9.999995384882307548e-01
7.568662782892934260e-01,2.141423135708132586e-01,9.297533773765200849e-01,5.376219681017841562e-02,8.260820763069128825e-01,9.999993204908090849e-01
8.736040521742713949e-01,5.483949404801885530e-01,9.297533773765200849e-01,3.501267784954571055e-02,9.999847264194102747e-01,7.686326094358537642e-01
8.668004960253332669e-01,4.985223012869918202e-01,9.297533773765200849e-01,3.776581197299151010e-02,9.998950911670889674e-01,8.258161160165381487e-01
8.851174019891763223e-01,6.318140065728338195e-01,9.297533773765200849e-01,3.049024575947207466e-02,9.998801434360562457e-01,6.647458467585608544e-01
9.007022424667985305e-01,7.395236227430951326e-01,9.297533773765200849e-01,2.380742663209840099e-02,9.911752767263002362e-01,4.807031717199174992e-01
8.134685725680546042e-01,2.821695900843318450e-01,9.297533773765200849e-01,5.003640726525088872e-02,9.213832654718313586e-01,9.999952357723532748e-01
8.588061509996895992e-01,4.401395252235597022e-01,9.297533773765200849e-01,4.115137809856623391e-02,9.998598647885332813e-01,8.910950629013969504e-01
5.336471250519698728e-01,8.437919990412956484e-02,9.297533773765200849e-01,6.523825744269458327e-02,5.876259800488071727e-01,9.999999325392147087e-01
5.017896276356017538e-01,7.291642273100740201e-02,9.297533773765200849e-01,6.670603197979892152e-02,5.595560818326630326e-01,9.999998511879127916e-01
4.006268414527332511e-01,4.231628652977781346e-02,9.297533773765200849e-01,7.122335122260554929e-02,4.728933498598421603e-01,9.999998175707817127e-01
5.541269471427474613e-01,9.235283214564538046e-02,9.297533773765200849e-01,6.427473353944886114e-02,6.060077106205938868e-01,9.999191544813006427e-01
8.073717223788028363e-01,2.730052116557951658e-01,9.297533773765200849e-01,5.047954017022544121e-02,9.092082271355031997e-01,9.999978520993401121e-01
7.663173905631586180e-01,2.246707744961847775e-01,9.297533773765200849e-01,5.305430518559357128e-02,8.390346077380187451e-01,9.978220041146448338e-01
7.921666031071614711e-01,2.525276885818735773e-01,9.297533773765200849e-01,5.153066946293389378e-02,8.813296019030466555e-01,9.999999580127241217e-01
4.521584506666434522e-01,5.692807201540495132e-02,9.297533773765200849e-01,6.894343239492113640e-02,5.167522513213941293e-01,9.999552943531032634e-01
8.560192350571744768e-01,4.212006643306788201e-01,9.297533773765200849e-01,4.227642981487850921e-02,9.987840033643147208e-01,9.112812675511411387e-01
4.826159415187865620e-01,6.648568007005428715e-02,9.297533773765200849e-01,6.757783769367216309e-02,5.429203494251664264e-01,9.999999329177576834e-01
4.906767679184716457e-01,6.914944205351025719e-02,9.297533773765200849e-01,6.721222010561563043e-02,5.498940165404336833e-01,9.999985514701651423e-01
8.502985579594470877e-01,3.793590139436370245e-01,9.297533773765200849e-01,4.498565144366168528e-02,9.999981362499664739e-01,9.594586585176388960e-01
8.705568119246356318e-01,5.275065239258248662e-01,9.297533773765200849e-01,3.608699616714289987e-02,9.974433392696057110e-01,7.908487130503802920e-01
7.881266734912761862e-01,2.475629085918550354e-01,9.297533773765200849e-01,5.179911765483508762e-02,8.744174917649211176e-01,9.999999683431011199e-01
8.994811612096560438e-01,7.340996964570672967e-01,9.297533773765200849e-01,2.443107954229113005e-02,9.995448229274347396e-01,4.984062298077052144e-01
6.503990765917668782e-01,1.375701447911504838e-01,9.297533773765200849e-01,5.958528521107648440e-02,6.988318153841290847e-01,9.999992399443150548e-01
8.838813832602090415e-01,6.229572841447060805e-01,9.297533773765200849e-01,3.097545575932753731e-02,9.999560974026773241e-01,6.765784946374652220e-01
8.833115726644242827e-01,6.188674963199597423e-01,9.297533773765200849e-01,3.119755918326056615e-02,9.999485384686939149e-01,6.819329503242078649e-01
4.212441119964288050e-01,4.795827717978318194e-02,9.297533773765200849e-01,7.031060282420427410e-02,4.903891466710034175e-01,9.998991443381813893e-01
6.229279690425917337e-01,1.230741651213472787e-01,9.297533773765200849e-01,6.096345572345236025e-02,6.710077297045706768e-01,9.999999257727003599e-01
1.008203066374440682e-01,-8.481115407027117747e-03,9.297533773765200849e-01,8.372252684769650177e-02,1.693454418118789384e-01,9.996078155837179180e-01
6.415066291961570855e-01,1.327184201939767272e-01,9.297533773765200849e-01,6.003436995284833905e-02,6.896700235041233196e-01,9.999845612922024785e-01
5.276024501195868410e-01,8.287610310946524894e-02,9.297533773765200849e-01,6.537014027494587876e-02,5.814595127581994038e-01,9.979477927931005299e-01
8.905506109842056262e-01,6.704695342133911717e-01,9.297533773765200849e-01,2.834412133053099830e-02,9.999946997442513696e-01,6.100864104809102795e-01
8.627145332889147866e-01,4.687041298742850026e-01,9.297533773765200849e-01,3.946357378805859933e-02,9.997418234554995564e-01,8.591483883284228851e-01
8.000014523081935280e-01,2.636800576347108072e-01,9.297533773765200849e-01,5.089898267480303523e-02,8.946337816216820560e-01,9.982733881889213068e-01
8.791917733961076564e-01,5.893270804102025417e-01,9.297533773765200849e-01,3.277346379001328663e-02,9.991655800171713731e-01,7.188084777962523431e-01
9.082500503659991509e-01,7.676103896549358874e-01,9.297533773765200849e-01,1.871539611742412818e-02,8.973177434318689860e-01,3.323038368101570716e-01
9.077416170857324218e-01,7.758920592728296706e-01,9.297533773765200849e-01,1.697336160448676551e-02,8.704830999002407532e-01,2.690129450923103849e-01
8.569189425570149510e-01,4.284002717470608568e-01,9.297533773765200849e-01,4.181530136495010402e-02,9.980618412618099677e-01,9.026240725802844311e-01
2.970155647448385339e-01,1.806772154867053448e-02,9.297533773765200849e-01,7.567785466694106067e-02,3.832314549424751249e-01,9.999968026900452056e-01
4.448316214641599431e-01,5.472289734940238848e-02,9.297533773765200849e-01,6.927328510248971505e-02,5.105140324310120103e-01,9.999999670293747700e-01
4.867518512744899994e-01,6.789504302350712894e-02,9.297533773765200849e-01,6.737912733911761987e-02,5.464355482962695021e-01,9.998446014915624014e-01
8.857370684582965836e-01,6.362409904018259121e-01,9.297533773765200849e-01,3.025127497336505683e-02,9.999981362499664739e-01,6.588557855328587287e-01
8.731012924195260538e-01,5.447061174984805243e-01,9.297533773765200849e-01,3.521412169504840178e-02,9.999991781211509112e-01,7.729609899707611254e-01
9.057833126595147277e-01,7.593459030144936728e-01,9.297533773765200849e-01,2.093801356650232953e-02,9.455077672256501087e-01,3.977260869325000003e-01
8.383441649182108435e-01,3.293973715459040941e-01,9.297533773765200849e-01,4.791230281657350015e-02,9.790901875170153756e-01,9.975194559121743909e-01
5.887577365029263987e-01,1.069345678647645181e-01,9.297533773765200849e-01,6.263170010947534394e-02,6.380384747511763655e-01,9.999950273957224356e-01
8.575812050995628155e-01,4.320223908715329353e-01,9.297533773765200849e-01,4.162296384856063042e-02,9.991426912506926605e-01,8.995228012077113311e-01
8.892771170597191244e-01,6.614384568235843753e-01,9.297533773765200849e-01,2.885358650538916853e-02,9.999680337728903412e-01,6.234298243552541807e-01
6.477584843617725241e-01,1.363219006967520963e-01,9.297533773765200849e-01,5.968928325240403093e-02,6.959293242528552526e-01,9.995622991008858982e-01
6.045515454795152843e-02,-5.888661996157451561e-03,9.297533773765200849e-01,8.499644425500992029e-02,8.604849072804621191e-02,9.944410042208663425e-01
8.105430677698981512e-01,2.782806798372897683e-01,9.297533773765200849e-01,5.019314104958833705e-02,9.150616421517815402e-01,9.989621147925709099e-01
8.357627794512145769e-01,3.233323895604721665e-01,9.297533773765200849e-01,4.818112709061090487e-02,9.724397279891149326e-01,9.983769166580346299e-01
8.497651095190965620e-01,3.758234944086732421e-01,9.297533773765200849e-01,4.521768047035330113e-02,9.998571994633340676e-01,9.633576022807264216e-01
9.060249026238258452e-01,7.676294478025150747e-01,9.297533773765200849e-01,2.058610229550490028e-02,9.575370059871691764e-01,3.808617899123669659e-01
7.205853070263819049e-01,1.832512576776915703e-01,9.297533773765200849e-01,5.585503200202630164e-02,7.779418928191094151e-01,9.999277015494980603e-01
8.672289990167874052e-01,5.015961173206969770e-01,9.297533773765200849e-01,3.759586535844667426e-02,9.999982084832244045e-01,8.224274125194969143e-01
1.567208540558189811e-01,-4.569597295405514181e-03,9.297533773765200849e-01,8.141417918612854632e-02,2.435541431525080069e-01,9.987435180952002334e-01
8.970725551053169156e-01,7.167383970114423741e-01,9.297533773765200849e-01,2.558335875682999500e-02,9.999043973817107744e-01,5.331606779856439271e-01
3.369299715941017070e-01,2.667113422294653535e-02,9.297533773765200849e-01,7.397607443737082289e-02,4.182874711352678188e-01,9.999552943531032634e-01
5.503911014654212508e-01,9.125489663564201326e-02,9.297533773765200849e-01,6.437892064941870551e-02,6.022414402926450361e-01,9.989269786533350182e-01
2.417268969788173849e-01,7.653252880241212530e-03,9.297533773765200849e-01,7.799442430486487610e-02,3.323878056748922338e-01,9.999333251663760080e-01
6.635281590702097887e-01,1.450685743876883871e-01,9.297533773765200849e-01,5.891262431471850497e-02,7.126425773491253945e-01,9.999929234761384400e-01
2.049360362165933425e-01,1.735416110529741651e-03,9.297533773765200849e-01,7.952368309411124436e-02,2.962385156388825380e-01,9.999927763692227911e-01
4.574778596064126845e-01,5.853793626094250246e-02,9.297533773765200849e-01,6.870772823439892651e-02,5.213115146717938186e-01,9.999830411835994859e-01
8.477894966379855290e-01,3.620186812287139455e-01,9.297533773765200849e-01,4.615872820788009118e-02,9.999981362499664739e-01,9.793174897221148534e-01
1.680810463391245180e-01,-3.236433967321317162e-03,9.297533773765200849e-01,8.101301119127164718e-02,2.568373715344131059e-01,9.996595270651520426e-01
8.987516110905877653e-01,7.287615781683124405e-01,9.297533773765200849e-01,2.479304935332477672e-02,9.995940559654634683e-01,5.095304089542148640e-01
8.511635038345692905e-01,3.854377530959235409e-01,9.297533773765200849e-01,4.458331162551682630e-02,9.999711809356756076e-01,9.525291884197381043e-01
9.030726000876958537e-01,7.459157297512698515e-01,9.297533773765200849e-01,2.254837219179434832e-02,9.644304992865185833e-01,4.468294887002569604e-01
4.060358304920859696e-01,4.376228751312771781e-02,9.297533773765200849e-01,7.098651306997579014e-02,4.774945198728057782e-01,9.999999337279380507e-01
8.796405762030223840e-01,5.923993613092927157e-01,9.297533773765200849e-01,3.262809730067690178e-02,9.998916392797215780e-01,7.155590849932453867e-01
7.789295839933165766e-01,2.369252036890779900e-01,9.297533773765200849e-01,5.239136112067838830e-02,8.592922604242867468e-01,9.999200296545229794e-01
4.775393976953941633e-01,6.487488697457399756e-02,9.297533773765200849e-01,6.779850524902204800e-02,5.384947703383760054e-01,9.998794855023966921e-01
1.293188192545633997e-01,-7.057441605075154278e-03,9.297533773765200849e-01,8.260738907959526423e-02,2.101940013494060233e-01,9.999960839101876831e-01
8.694475008667259530e-01,5.188339091188490793e-01,9.297533773765200849e-01,3.659406009566219115e-02,9.984751560983938790e-01,8.016095386766561859e-01
4.372686497888472190e-01,5.250324444559828496e-02,9.297533773765200849e-01,6.960899086152168291e-02,5.040648571190432525e-01,9.999951734010456006e-01
5.909437347694241893e-01,1.082280252316630831e-01,9.297533773765200849e-01,6.247441791499703384e-02,6.398203374144875166e-01,9.992635221869625717e-01
4.694115062911513037e-01,6.224352612263805984e-02,9.297533773765200849e-01,6.817360329675743735e-02,5.315486185147855203e-01,9.999999880737465707e-01
4.256883591031189185e-01,4.918593864986553488e-02,9.297533773765200849e-01,7.012078218071278457e-02,4.942024600896068875e-01,9.999845190049175825e-01
4.339771123690630561e-01,5.154850730761018074e-02,9.297533773765200849e-01,6.975527511117336765e-02,5.012631848636230902e-01,9.999999437093084476e-01
9.071034241244353424e-01,7.787337026195354506e-01,9.297533773765200849e-01,1.690158314537344025e-02,8.796633598358123418e-01,2.601918858079789176e-01
6.383915776413564558e-01,1.310484142605000679e-01,9.297533773765200849e-01,6.019211864731816714e-02,6.865035730797541813e-01,9.999992399443150548e-01
9.023986877402228046e-01,7.359647529339264915e-01,9.297533773765200849e-01,2.275731540213733056e-02,9.482937706315924808e-01,4.575658241647312385e-01
2.357006267684048084e-01,6.622474221937069139e-03,9.297533773765200849e-01,7.824997014762265224e-02,3.266457529486234135e-01,9.999994281144126695e-01
5.470806096860192369e-01,8.954032767686703753e-02,9.297533773765200849e-01,6.461023893946711560e-02,5.996598569164875991e-01,9.999838854032810920e-01
8.487851189326525159e-01,3.689008780834465151e-01,9.297533773765200849e-01,4.568727225102992701e-02,9.999680711278201573e-01,9.713765441619410801e-01
3.286455569218694195e-01,2.486465485876954151e-02,9.297533773765200849e-01,7.430393338955727789e-02,4.109476709990989018e-01,9.995929829247126586e-01
6.785023320643821521e-01,1.541291270188006601e-01,9.297533773765200849e-01,5.813413045387966910e-02,7.288802914283276646e-01,9.999999906293099983e-01
7.487406177501574334e-01,2.066088022705893090e-01,9.297533773765200849e-01,5.424602454129807266e-02,8.146972697594253576e-01,9.999999497765489354e-01
8.775666895436264880e-01,5.773167237104056548e-01,9.297533773765200849e-01,3.344550660588480745e-02,9.999991757405979342e-01,7.341628100587872519e-01
2.658257834082312088e-01,1.197699164206744715e-02,9.297533773765200849e-01,7.698982868192723317e-02,3.549652186554989597e-01,9.999716591469388627e-01
8.957201797348437466e-01,7.070980049702791925e-01,9.297533773765200849e-01,2.618717914663876850e-02,9.999732047319321859e-01,5.507100159498327097e-01
7.868243209162235630e-01,2.460036718653620946e-01,9.297533773765200849e-01,5.188438185264427488e-02,8.722248809513640788e-01,9.999926488827803883e-01
2.993051535051441392e-01,1.857011083498127935e-02,9.297533773765200849e-01,7.555933960455381293e-02,3.851597706983741487e-01,9.996984107451137858e-01
3.112445568774396265e-01,2.103000106883234910e-02,9.297533773765200849e-01,7.507412901391881388e-02,3.958473311707395581e-01,9.999904806745218977e-01
6.260038138523631446e-01,1.252336232328824517e-01,9.297533773765200849e-01,6.071971944548699290e-02,6.735557889334627957e-01,9.986919071152345895e-01
8.935395239995775896e-01,6.916080473281974728e-01,9.297533773765200849e-01,2.711812538765118880e-02,9.999151306639548764e-01,5.769503855987582197e-01
7.230808215792157156e-01,1.851677776964019140e-01,9.297533773765200849e-01,5.571656909354400639e-02,7.810562168707497754e-01,9.999449053569136048e-01
4.647653141363852769e-01,6.078658155702021393e-02,9.297533773765200849e-01,6.838206000434816911e-02,5.275591111298604252e-01,9.999956468784206853e-01
8.864073176962738998e-01,6.410250869978449950e-01,9.297533773765200849e-01,2.998607629077549436e-02,9.999151306639548764e-01,6.522589341106789229e-01
8.716608571899220337e-01,5.362446815786748866e-01,9.297533773765200849e-01,3.556834307432794190e-02,9.960369293365598509e-01,7.796560672229554401e-01
8.458207795027368192e-01,3.486401553536518927e-01,9.297533773765200849e-01,4.709431066119502268e-02,9.999992638226269381e-01,9.948385561824185652e-01
8.710297466999525895e-01,5.303576247294211621e-01,9.297533773765200849e-01,3.595833685202193958e-02,9.984823483369535957e-01,7.883982696714437743e-01
8.353782654738912683e-01,3.216770851567881673e-01,9.297533773765200849e-01,4.829321022941707869e-02,9.720228547591676094e-01,9.999167252207175061e-01
5.267123497595624926e-01,8.179788402231713551e-02,9.297533773765200849e-01,6.555950262012273655e-02,5.814595127581994038e-01,9.999937646193562957e-01
6.933642692015657971e-01,1.637366894345243518e-01,9.297533773765200849e-01,5.734650921643475591e-02,7.455738875670400168e-01,9.999999915052515398e-01
6.970488698240577818e-01,1.662224113895357513e-01,9.297533773765200849e-01,5.714879121855693384e-02,7.498123224207097204e-01,9.999999921763756960e-01
9.052832603435936321e-01,7.859247801891294793e-01,9.297533773765200849e-01,1.785080535938943919e-02,9.453979797405239749e-01,2.710437153215404238e-01
3.729517923088670472e-01,3.534968457975173894e-02,9.297533773765200849e-01,7.237613093838897449e-02,4.490293114768316718e-01,9.992919565973628071e-01
4.621532838800553322e-01,5.997498742517370918e-02,9.297533773765200849e-01,6.849910223163908907e-02,5.253191933748713183e-01,9.999937605242684713e-01
8.175113775808418026e-01,2.913168974740424355e-01,9.297533773765200849e-01,4.947272502979677827e-02,9.279882328708020101e-01,9.952022924542014426e-01
8.490091789574085723e-01,3.723385613778328329e-01,9.297533773765200849e-01,4.541465378356485810e-02,9.984751560983938790e-01,9.660630254816696683e-01
6.370731326587902865e-02,-5.897523318613706600e-03,9.297533773765200849e-01,8.519241736510903273e-02,9.528537481712490154e-02,9.999958696090204269e-01
8.805095392899167095e-01,5.988892161325717334e-01,9.297533773765200849e-01,3.224838526907453790e-02,9.988628307513820470e-01,7.066666033675196301e-01
8.786362836953278688e-01,5.851011810491920651e-01,9.297533773765200849e-01,3.302403108017277350e-02,9.999599216297497817e-01,7.246262608726856680e-01
8.461744709872851544e-01,3.510588770818140469e-01,9.297533773765200849e-01,4.692240205483961396e-02,9.999755173269715414e-01,9.919954728601202421e-01
8.936352297824529112e-02,-8.436821779402747801e-03,9.297533773765200849e-01,8.420001049866283893e-02,1.503648269812779825e-01,9.999996023967971936e-01
2.933691790013446821e-01,1.733149848460391329e-02,9.297533773765200849e-01,7.582904773114514108e-02,3.799576636523948059e-01,9.999552943531032634e-01
8.863959138172736729e-01,6.409448287029159141e-01,9.297533773765200849e-01,2.999264752964998088e-02,9.999892497141609216e-01,6.524244220822361662e-01
7.269070980940656179e-02,-7.402866625729642713e-03,9.297533773765200849e-01,8.484159195753833427e-02,1.175126623949462878e-01,9.998589780796335313e-01
8.819210076915231511e-01,6.088678478097643287e-01,9.297533773765200849e-01,3.173864474508431704e-02,9.999122485372016200e-01,6.948223550527176107e-01
8.593238776540053081e-01,4.438943840442372002e-01,9.297533773765200849e-01,4.092638828296597114e-02,9.998598647885332813e-01,8.869112039400538494e-01
5.017896593799795468e-01,7.291645799092327795e-02,9.297533773765200849e-01,6.670602528505405193e-02,5.595560818326630326e-01,9.999997792309245348e-01
5.064674694370401298e-01,7.453665168108136729e-02,9.297533773765200849e-01,6.649205370732276521e-02,5.636409354110134551e-01,9.999996673056313901e-01
8.482113926171299667e-01,3.649957878603325989e-01,9.297533773765200849e-01,4.595253698394170111e-02,9.999334506556835089e-01,9.758286997991308942e-01
8.034681711999942522e-01,2.698837450015171280e-01,9.297533773765200849e-01,5.051382225811924115e-02,9.000944099879067961e-01,9.957251163243954206e-01
3.589867926948918098e-01,3.180681861432310686e-02,9.297533773765200849e-01,7.303155192443029631e-02,4.373350511274075036e-01,9.999991600253244073e-01
7.582179477137875878e-01,2.154410023922347373e-01,9.297533773765200849e-01,5.368015440182200698e-02,8.280121092973810049e-01,9.999887665692388516e-01
8.915462080103031539e-01,6.774270040092625900e-01,9.297533773765200849e-01,2.793177574899608634e-02,9.994981262253082033e-01,5.991382638735999189e-01
8.816876065345331526e-01,6.071722153918012177e-01,9.297533773765200849e-01,3.183291151843643113e-02,9.999999247680573244e-01,6.970543059259183272e-01
8.026595494695092370e-01,2.663256838000714888e-01,9.297533773765200849e-01,5.081282241878577050e-02,9.002196592267049935e-01,9.999978906929204436e-01
8.992419186764655237e-01,7.323099167617451721e-01,9.297533773765200849e-01,2.455127873420843293e-02,9.994852327089377431e-01,5.021365655050958887e-01
8.567872645109124718e-01,4.256042984735396439e-01,9.297533773765200849e-01,4.203241391201224114e-02,9.998137562095997799e-01,9.072633593443308886e-01
8.546141760152101696e-01,4.126259172419560750e-01,9.297533773765200849e-01,4.277587219168849791e-02,9.975015955097386033e-01,9.197360847509790105e-01
8.602701114504744950e-01,4.508551095347380633e-01,9.297533773765200849e-01,4.050993311272339109e-02,9.997709487869096412e-01,8.790798238723285252e-01
3.962023934462584607e-01,4.114791793625249827e-02,9.297533773765200849e-01,7.141667225272603503e-02,4.691278721170758503e-01,9.999988985632491945e-01
8.516847296431810932e-01,3.890801987678523810e-01,9.297533773765200849e-01,4.434523830237108860e-02,9.999844451811878976e-01,9.484157985234544785e-01
8.878567946135111910e-01,6.513457550142428554e-01,9.297533773765200849e-01,2.941531670417386196e-02,9.999048985945523382e-01,6.378685158034718139e-01
3.629544664906339535e-01,3.276758605542318126e-02,9.297533773765200849e-01,7.285824607247355644e-02,4.407289977187250352e-01,9.999703843429207373e-01
1.730882456899670019e-01,-2.618268224300890346e-03,9.297533773765200849e-01,8.083166605026055607e-02,2.625249739652322778e-01,9.999993488137418618e-01
2.753318294499101371e-01,1.377586681545983627e-02,9.297533773765200849e-01,7.659058300647610118e-02,3.636764920274385693e-01,9.999709773348172126e-01
7.538994968888479420e-01,2.113454179275132683e-01,9.297533773765200849e-01,5.393990510127839172e-02,8.218781948404406679e-01,9.999993212484336036e-01
8.647108992393404137e-01,4.831069586640049929e-01,9.297533773765200849e-01,3.864204801529753236e-02,9.999999855820761452e-01,8.432455889876216970e-01
7.600107621857992157e-01,2.172531696683345226e-01,9.297533773765200849e-01,5.356311753046489460e-02,8.305424399829539617e-01,9.998482820544964955e-01
8.760610720263732887e-01,5.663472896756568398e-01,9.297533773765200849e-01,3.403861958993165820e-02,9.999988489328854868e-01,7.473848058665621963e-01
2.584890725756699426e-01,1.062661251513452587e-02,9.297533773765200849e-01,7.729457487049480602e-02,3.481595574569781859e-01,9.999348582456323298e-01
7.966780642898063647e-01,2.585371593619877340e-01,9.297533773765200849e-01,5.120098786246746886e-02,8.891104729809093943e-01,9.995678407762996764e-01
5.625668683880453713e-01,9.573823467931197317e-02,9.297533773765200849e-01,6.388226862234798464e-02,6.137285634658231626e-01,9.999993212484336036e-01
6.376324788072823546e-02,-7.008965263570643422e-03,9.297533773765200849e-01,8.472597030343616276e-02,9.528537481712490154e-02,9.920048286066491805e-01
7.650345894608241437e-01,2.237145855387249194e-01,9.297533773765200849e-01,5.309591663345975682e-02,8.368946395180175690e-01,9.972165804921274690e-01
8.689198496670433869e-01,5.154131502060886882e-01,9.297533773765200849e-01,3.676564549882494620e-02,9.978034028695708102e-01,8.049696784302687869e-01
3.323456247999976854e-01,2.563116203411175409e-02,9.297533773765200849e-01,7.417534466059656773e-02,4.143222810150112290e-01,9.999980101229800633e-01
8.594508822174224960e-01,4.467786872184996705e-01,9.297533773765200849e-01,4.070138391650485882e-02,9.978439845845220590e-01,8.819792774892104559e-01
8.533204761422785722e-01,4.006181229957542778e-01,9.297533773765200849e-01,4.360077411899649508e-02,9.999967753437645213e-01,9.354107895621106561e-01
9.042643132101906289e-01,7.586755686063592075e-01,9.297533773765200849e-01,2.181538103876102391e-02,9.727418730338835973e-01,4.198256382761547112e-01
4.477996682945635798e-01,5.561087218979798852e-02,9.297533773765200849e-01,6.913987104080306090e-02,5.130403043965212628e-01,9.999830411835994859e-01
8.752462505563789463e-01,5.604048508748628032e-01,9.297533773765200849e-01,3.436012723453003154e-02,9.999838338273405736e-01,7.544588412698757240e-01
9.777453024017207506e-02,-8.484410919839091569e-03,9.297533773765200849e-01,8.386799330227452665e-02,1.645694506542088598e-01,9.999996334918890284e-01
4.153492549035880388e-01,4.629781967445956159e-02,9.297533773765200849e-01,7.057758653227737267e-02,4.854146857048632357e-01,9.999999863105367703e-01
8.085672661092067059e-01,2.749980582099406101e-01,9.297533773765200849e-01,5.036962032141662632e-02,9.113794955338877513e-01,9.995669730775122996e-01
8.463978950698054504e-01,3.543905597487958525e-01,9.297533773765200849e-01,4.665029309845043076e-02,9.985949627996624223e-01,9.868175377057364361e-01
2.571903945366634248e-01,1.038718828506068892e-02,9.297533773765200849e-01,7.735232119027664333e-02,3.469682075715790903e-01,9.999824366318614821e-01
8.150336774368858173e-01,2.846264538310189218e-01,9.297533773765200849e-01,4.992031672034464435e-02,9.246188555543688459e-01,9.999950273957224356e-01
3.221506780349577270e-01,2.338201714816057208e-02,9.297533773765200849e-01,7.460746026930593910e-02,4.054134231751366779e-01,9.999552943531032634e-01
6.236034866344928318e-01,1.234209418776638367e-01,9.297533773765200849e-01,6.092880950651819588e-02,6.716699150063781820e-01,9.999830411835994859e-01
8.609561613737701791e-01,4.556666635888882988e-01,9.297533773765200849e-01,4.023099873319885972e-02,9.999670716801971615e-01,8.738837755388305650e-01
6.284758792483264855e-01,1.258827284481706110e-01,9.297533773765200849e-01,6.068799866459002185e-02,6.765211226518050847e-01,9.999999540314681301e-01
7.538994968888479420e-01,2.113454179275132683e-01,9.297533773765200849e-01,5.393990510127839172e-02,8.218781948404406679e-01,9.999993212484336036e-01
1.269244669937555359e-01,-7.231330571135230478e-03,9.297533773765200849e-01,8.270396618099891406e-02,2.070367511586386211e-01,9.999997204078834301e-01
6.851361884017412862e-01,1.583378543458545673e-01,9.297533773765200849e-01,5.778442378873045043e-02,7.362550443814623868e-01,9.999995432331120204e-01
7.973163883597882418e-01,2.591261440771669422e-01,9.297533773765200849e-01,5.118234195624844080e-02,8.904208917041082083e-01,9.999999853039460707e-01
8.936352297824529112e-02,-8.436821779402747801e-03,9.297533773765200849e-01,8.420001049866283893e-02,1.503648269812779825e-01,9.999996023967971936e-01
8.652086714241127297e-01,4.884762102726890598e-01,9.297533773765200849e-01,3.827722733858580223e-02,9.977776973752490175e-01,8.353875749060927225e-01
6.904135596287934717e-01,1.623363837485195527e-01,9.297533773765200849e-01,5.743254811312154678e-02,7.417987321800196820e-01,9.989269786533350182e-01
9.061368272420500247e-01,7.819216277976247520e-01,9.297533773765200849e-01,1.915866435120056749e-02,9.628339458473976764e-01,3.222272714062969223e-01
2.129394333427390706e-01,2.946821270678356974e-03,9.297533773765200849e-01,7.919371427618278336e-02,3.043240399307530764e-01,9.999995222693952579e-01
3.253553901734838605e-01,2.408061813673134655e-02,9.297533773765200849e-01,7.447286962596573467e-02,4.082256160483493934e-01,9.999837883693947216e-01
8.769664613820884469e-01,5.729486095302315229e-01,9.297533773765200849e-01,3.368143020108344682e-02,9.999948436727210677e-01,7.394478464665528161e-01
9.022365444341167162e-01,7.341280258040351336e-01,9.297533773765200849e-01,2.279515862498899398e-02,9.454691837955135902e-01,4.594147417833810421e-01
7.731156829951961740e-01,2.305279688518263592e-01,9.297533773765200849e-01,5.276402739744529696e-02,8.501876428958675680e-01,9.999926488827803883e-01
8.910090530680383480e-01,6.737087658353170250e-01,9.297533773765200849e-01,2.815819061836494913e-02,9.999500945903527782e-01,6.051585198116493647e-01
2.718101244321494137e-01,1.310106380354147948e-02,9.297533773765200849e-01,7.674068203385005227e-02,3.604710537569004725e-01,9.999999992203975063e-01
8.674558807715362363e-01,5.037921305895475266e-01,9.297533773765200849e-01,3.745225370897970613e-02,9.992335645040055780e-01,8.193199335770128267e-01
6.370949642637375732e-01,1.303641651156036696e-01,9.297533773765200849e-01,6.025690486059648993e-02,6.851866812515710059e-01,9.999947081115364567e-01
2.094918166321227404e-01,2.419728574035162616e-03,9.297533773765200849e-01,7.933547551298998635e-02,3.008551333134209527e-01,9.999899156978401260e-01
1.188926559452588294e-01,-7.747672931306737176e-03,9.297533773765200849e-01,8.302642615328333087e-02,1.961345773463607778e-01,9.999999914397126322e-01
4.494153665897178684e-01,5.609005758970886379e-02,9.297533773765200849e-01,6.906901849791298453e-02,5.144258736823896783e-01,9.999989427845377143e-01
8.788501472530532155e-01,5.866695611809712441e-01,9.297533773765200849e-01,3.293758821304721557e-02,9.998970743916633097e-01,7.226492489229671135e-01
4.809107059374886917e-01,6.592953228688236411e-02,9.297533773765200849e-01,6.765498115353636710e-02,5.414482952887995637e-01,9.999999329177576834e-01
7.833065984568170492e-01,2.418633586377391120e-01,9.297533773765200849e-01,5.211421645353293136e-02,8.664007436309624222e-01,9.999980677745645696e-01
5.326801159975351752e-01,8.503172610535136844e-02,9.297533773765200849e-01,6.508564901667486524e-02,5.857099410034325437e-01,9.972677316586229246e-01
7.358759848859355301e-01,1.963571648991356833e-01,9.297533773765200849e-01,5.488879792456730772e-02,7.968043682141547901e-01,9.983411333701324164e-01
4.133107066795665419e-01,4.574189833581476794e-02,9.297533773765200849e-01,7.066597219380728323e-02,4.836746654163949222e-01,9.999830411835994859e-01
3.331749358142835349e-01,2.596213368489463935e-02,9.297533773765200849e-01,7.406949204444264467e-02,4.146768811016030565e-01,9.990331268402895537e-01
1.239596579021045586e-01,-7.434534374487156150e-03,9.297533773765200849e-01,8.282307113358496065e-02,2.030693800372842528e-01,9.999989241337757795e-01
8.548347884247595729e-01,4.114383995828797547e-01,9.297533773765200849e-01,4.291495316945077160e-02,9.999628364548145409e-01,9.232335370737866365e-01
9.044626087815847981e-01,7.833569492980766436e-01,9.297533773765200849e-01,2.001291053963311778e-02,9.992273171455353653e-01,3.428919291757520638e-01
3.996117667150534403e-01,4.204708628153730476e-02,9.297533773765200849e-01,7.126773839526474863e-02,4.720296361483729553e-01,9.999997051847707707e-01
5.862944830952860897e-01,1.059026312913383672e-01,9.297533773765200849e-01,6.274006869023691924e-02,6.356650265155304735e-01,9.998514028298175482e-01
7.358759848859355301e-01,1.963571648991356833e-01,9.297533773765200849e-01,5.488879792456730772e-02,7.968043682141547901e-01,9.983411333701324164e-01
3.048030026130695291e-01,1.969457154684539635e-02,9.297533773765200849e-01,7.533566996074232691e-02,3.900914137883447763e-01,9.998267789714537779e-01
3.024861245468307147e-01,1.919761561240795888e-02,9.297533773765200849e-01,7.544323436303497499e-02,3.880847073376960110e-01,9.999556718162780911e-01
5.491096924871206042e-01,9.033368081554249418e-02,9.297533773765200849e-01,6.451570513712563681e-02,6.014938968769492078e-01,9.999920980195057263e-01
5.173132040196000148e-01,7.837548019075291084e-02,9.297533773765200849e-01,6.599373311423491206e-02,5.731564730377376460e-01,9.999966122996828410e-01
7.166345992657872088e-01,1.802158882009431418e-01,9.297533773765200849e-01,5.607942574950437048e-02,7.731006644758476876e-01,9.999990513458472119e-01
4.320284360551190361e-01,5.098788359652905999e-02,9.297533773765200849e-01,6.984153751749162808e-02,4.996038001606243339e-01,9.999993563970297483e-01
7.725842468531132212e-01,2.299578668252261204e-01,9.297533773765200849e-01,5.279771319325438778e-02,8.493694784074079518e-01,9.999982715538590083e-01
8.471644779060261143e-01,3.577673886299971295e-01,9.297533773765200849e-01,4.645258587812834544e-02,9.999838338273405736e-01,9.842150536608234024e-01
2.459125641545930052e-01,8.396117602866071117e-03,9.297533773765200849e-01,7.779888669002572865e-02,3.362530134672978566e-01,9.996374618532283263e-01
4.555239175772377025e-01,5.794122882306373956e-02,9.297533773765200849e-01,6.879509791588230005e-02,5.196398539874149680e-01,9.999827584963545402e-01
5.661563463156218390e-01,9.727857329543587728e-02,9.297533773765200849e-01,6.370164916240024511e-02,6.169620591875230042e-01,9.998514028298175482e-01
9.040988099504678743e-01,7.738287033031477913e-01,9.297533773765200849e-01,2.121525465906965585e-02,9.999616305454132048e-01,3.894197612071168546e-01
5.064674994906956940e-01,7.453668560628534667e-02,9.297533773765200849e-01,6.649204735845844205e-02,5.636409354110134551e-01,9.999995990121401945e-01
6.880458009859315993e-01,1.602235392599121733e-01,9.297533773765200849e-01,5.763013600806971698e-02,7.395280852912047287e-01,9.999999557749567058e-01
3.152105211272547280e-01,2.187455883139455270e-02,9.297533773765200849e-01,7.490620830164092248e-02,3.993429042595076917e-01,9.999997646468176127e-01
1.216273594296657934e-01,-7.584160010528306906e-03,9.297533773765200849e-01,8.291674218282447939e-02,1.999026235195667245e-01,9.999995810788083750e-01
1.690916326257499436e-01,-3.106651906212731795e-03,9.297533773765200849e-01,8.099381000908141559e-02,2.580781259292069252e-01,9.999835071337788150e-01
9.083497743526427470e-01,7.614554972375581210e-01,9.297533773765200849e-01,1.845534692310774744e-02,8.726037047307826366e-01,3.323038368101570716e-01
3.574834345495068733e-01,3.144717593313350879e-02,9.297533773765200849e-01,7.309638572955663716e-02,4.360437620282264781e-01,9.999994997503960370e-01
7.114481651397559503e-01,1.763744788791777873e-01,9.297533773765200849e-01,5.636581913084987711e-02,7.668014108125601469e-01,9.999999494635245512e-01
8.756742463935571763e-01,5.640151987448499549e-01,9.297533773765200849e-01,3.412893753905028166e-02,9.987049712925306633e-01,7.491611672360087848e-01
8.920106820046731499e-01,6.808029968088386008e-01,9.297533773765200849e-01,2.775129685754230274e-02,9.999778244693832141e-01,5.942503044528868461e-01
8.931064033490221377e-01,6.885358805877596078e-01,9.297533773765200849e-01,2.729819286815893947e-02,9.998867480328997859e-01,5.819166434904030627e-01
7.417273623028952656e-01,2.004129928754944112e-01,9.297533773765200849e-01,5.465647846124150472e-02,8.051794299179058090e-01,9.999992399443150548e-01
8.771911579268509840e-01,5.749343715022116053e-01,9.297533773765200849e-01,3.354372465375272255e-02,9.989092076673637965e-01,7.362056242464599665e-01
9.044121376154938829e-01,7.606188528855094555e-01,9.297533773765200849e-01,2.169419705384801472e-02,9.740774229482411783e-01,4.151990429517427028e-01
8.976634177055009545e-01,7.192151024559573225e-01,9.297533773765200849e-01,2.528024452295574848e-02,9.950032735188455435e-01,5.250104914670492562e-01
3.187519049809842131e-01,2.267680531570681612e-02,9.297533773765200849e-01,7.473401764725580432e-02,4.023411190139007942e-01,9.997045838437012000e-01
8.527425464851097203e-01,3.969565788942498452e-01,9.297533773765200849e-01,4.382577391533366146e-02,9.996303591228510310e-01,9.392048830036842100e-01
7.939838493267492581e-01,2.548216458153073072e-01,9.297533773765200849e-01,5.140842943414909022e-02,8.844995356360353389e-01,9.999976033889683702e-01
8.471644779060261143e-01,3.577673886299971295e-01,9.297533773765200849e-01,4.645258587812834544e-02,9.999838338273405736e-01,9.842150536608234024e-01
9.039349564273058135e-01,7.876581042811873212e-01,9.297533773765200849e-01,1.922124988944812901e-02,9.997709487869096412e-01,3.092665081092165758e-01
8.319014960494817146e-01,3.145038134957710563e-01,9.297533773765200849e-01,4.859291191057586029e-02,9.630941112429984852e-01,9.999999976246380928e-01
6.159292093875583518e-01,1.196103612211582012e-01,9.297533773765200849e-01,6.130903741000632429e-02,6.641216063856686391e-01,9.999999190634811796e-01
8.723432806840838438e-01,5.391501407825126657e-01,9.297533773765200849e-01,3.551760427877054954e-02,9.999999742083391929e-01,7.794342560272847775e-01
8.703781620563963983e-01,5.247301126728652898e-01,9.297533773765200849e-01,3.630945224468491023e-02,9.999995887548583928e-01,7.960840814876378735e-01
8.957501280328221682e-01,7.067477610344946592e-01,9.297533773765200849e-01,2.615520178868752793e-02,9.981679087970891651e-01,5.500357517813209141e-01
8.455099802320011904e-01,3.465494112536072757e-01,9.297533773765200849e-01,4.724310633703904944e-02,9.999985082052813556e-01,9.972814744331041092e-01
6.663988802992113492e-01,1.467586367368008959e-01,9.297533773765200849e-01,5.876478354344977922e-02,7.157158456311912831e-01,9.999994242572842751e-01
7.650340594396626281e-02,-7.776045752213689433e-03,9.297533773765200849e-01,8.470254989642740651e-02,1.257750844061996109e-01,9.999992380169867578e-01
8.714933481478999155e-01,5.338801069610378258e-01,9.297533773765200849e-01,3.575738406835377720e-02,9.982086418471358691e-01,7.841158078351934124e-01
6.892038245388638629e-01,1.640834865865011816e-01,9.297533773765200849e-01,5.717187143372676889e-02,7.385528225264754720e-01,9.940512518162821776e-01
5.200530674473204940e-01,7.961336953280329087e-02,9.297533773765200849e-01,6.581680066729196643e-02,5.753023706650397529e-01,9.992986487971141640e-01
5.412480409041355855e-01,8.727246833573565343e-02,9.297533773765200849e-01,6.488390717445709222e-02,5.944201058031375329e-01,9.999961306387782356e-01
7.133361611676738434e-01,1.788576808652161398e-01,9.297533773765200849e-01,5.612884085335263090e-02,7.683033934874887727e-01,9.979621541505485638e-01
6.319138571770386292e-01,1.276525740819020038e-01,9.297533773765200849e-01,6.051652925723844528e-02,6.799627431371875197e-01,9.999988882608854546e-01
8.897816281650525738e-01,6.650204138050194169e-01,9.297533773765200849e-01,2.865285752646635348e-02,9.999989806529857583e-01,6.182006742914136765e-01
8.663742541325936131e-01,4.953457039566823150e-01,9.297533773765200849e-01,3.794651411153477510e-02,9.999599216297497817e-01,8.294526537520920950e-01
2.022207716917697184e-01,1.334417144358668317e-03,9.297533773765200849e-01,7.963610341981293417e-02,2.934672206452693666e-01,9.999996749818259589e-01
9.085654977455055459e-01,7.652150194773975622e-01,9.297533773765200849e-01,1.805889281073053826e-02,8.703355584389653732e-01,3.173660469044512489e-01
7.650340594396626281e-02,-7.776045752213689433e-03,9.297533773765200849e-01,8.470254989642740651e-02,1.257750844061996109e-01,9.999992380169867578e-01
7.946363749843632363e-01,2.556528957111178224e-01,9.297533773765200849e-01,5.136450851125324429e-02,8.856487365040311976e-01,9.999999497765489354e-01
1.989853265028918572e-01,8.635308098045024749e-04,9.297533773765200849e-01,7.976930290574398008e-02,2.901397626022624854e-01,9.999986144949275513e-01
8.285368906886239060e-01,3.079692004960558060e-01,9.297533773765200849e-01,4.887057181018601010e-02,9.548075965869163850e-01,9.999978172844232738e-01
8.811522306819474792e-01,6.033094568056990292e-01,9.297533773765200849e-01,3.204167623311766216e-02,9.999949984318411422e-01,7.019578886212159974e-01
8.875921798669557106e-01,6.494690354780724428e-01,9.297533773765200849e-01,2.952217181309736010e-02,9.999981362499664739e-01,6.405836192688317832e-01
8.649519524696875905e-01,4.859664044115016290e-01,9.297533773765200849e-01,3.844203516829886730e-02,9.986074167981582317e-01,8.388873251922900343e-01
8.723432806840838438e-01,5.391501407825126657e-01,9.297533773765200849e-01,3.551760427877054954e-02,9.999999742083391929e-01,7.794342560272847775e-01
6.529658978270864722e-01,1.390064807689365134e-01,9.297533773765200849e-01,5.945432174095361538e-02,7.015022305069481545e-01,9.999951734010456006e-01
3.896212752890866882e-01,3.943316352312342676e-02,9.297533773765200849e-01,7.170373993412133828e-02,4.635237576613958632e-01,9.999986487552577907e-01
6.114214627136638214e-01,1.174374662162543936e-01,9.297533773765200849e-01,6.152850927841219814e-02,6.597142175264192332e-01,9.999711720207663523e-01
8.527800200196855585e-01,3.970508108380693679e-01,9.297533773765200849e-01,4.382354165119645845e-02,9.997751256526008490e-01,9.392285510225952816e-01
3.962023934462584607e-01,4.114791793625249827e-02,9.297533773765200849e-01,7.141667225272603503e-02,4.691278721170758503e-01,9.999988985632491945e-01
8.812671925943282858e-01,6.041402882602847635e-01,9.297533773765200849e-01,3.199662023825739637e-02,9.999901747703280330e-01,7.009016467497443115e-01
8.599259249562569707e-01,4.482972166993827168e-01,9.297533773765200849e-01,4.066319844119609811e-02,9.998289691435097160e-01,8.819792774892104559e-01
9.007022424667985305e-01,7.395236227430951326e-01,9.297533773765200849e-01,2.380742663209840099e-02,9.911752767263002362e-01,4.807031717199174992e-01
8.678175067075590832e-01,5.059189829734146437e-01,9.297533773765200849e-01,3.735377360454867485e-02,9.999995116700328701e-01,8.175344736313401306e-01
8.883762656954550252e-01,6.550397486287474758e-01,9.297533773765200849e-01,2.921060459848030116e-02,9.999334506556835089e-01,6.326391084425073696e-01
9.041709011375322902e-01,7.706291339585314981e-01,9.297533773765200849e-01,2.139234390351425069e-02,9.947230609195166773e-01,3.977260869325000003e-01
5.556394352363858147e-01,9.432109214516037898e-02,9.297533773765200849e-01,6.395661903106981960e-02,6.060539083168473562e-01,9.964804104567841492e-01
7.029642845189615352e-02,-7.078001885237994451e-03,9.297533773765200849e-01,8.494201449276490845e-02,1.120410044961287488e-01,9.999999329135093040e-01
6.568216770459107678e-01,1.411865854411425980e-01,9.297533773765200849e-01,5.925767783952368833e-02,7.055433992896792406e-01,9.999999976372290211e-01
5.237150369666343508e-01,8.069496761724315181e-02,9.297533773765200849e-01,6.569854975659013274e-02,5.788074058267859145e-01,9.999992271503161945e-01
5.655456526810374029e-01,9.696773201857900037e-02,9.297533773765200849e-01,6.374079388558213932e-02,6.164561451427642558e-01,9.999936929984628575e-01
3.629541976436874706e-01,3.276741012512707218e-02,9.297533773765200849e-01,7.285830193176830172e-02,4.407289977187250352e-01,9.999709883528017373e-01
5.137905050025173281e-01,7.711536901940496680e-02,9.297533773765200849e-01,6.615601833199220849e-02,5.700591118690618853e-01,9.999992087369113936e-01
3.112445568774396265e-01,2.103000106883234910e-02,9.297533773765200849e-01,7.507412901391881388e-02,3.958473311707395581e-01,9.999904806745218977e-01
1.334156000900739714e-01,-6.742806318447036595e-03,9.297533773765200849e-01,8.243897128943573904e-02,2.154938189963462314e-01,9.999450564256556762e-01
7.095960793560740498e-01,1.765378771704414484e-01,9.297533773765200849e-01,5.628286511560005173e-02,7.634971262284933058e-01,9.971815708738857031e-01
8.882443343977604044e-01,6.541074051993570615e-01,9.297533773765200849e-01,2.926445018176305340e-02,9.999981362499664739e-01,6.340174963818060450e-01
8.807240120282022744e-01,6.002179732115587862e-01,9.297533773765200849e-01,3.220843985957639460e-02,9.999838338273405736e-01,7.058521421758312542e-01
2.449717059734828895e-01,8.213631608379956539e-03,9.297533773765200849e-01,7.786214251331520508e-02,3.354857144647158673e-01,9.999750099621874666e-01
8.972285962683619331e-01,7.174214708249261330e-01,9.297533773765200849e-01,2.550372801210621515e-02,9.986800473602411854e-01,5.310107378251460730e-01
6.539009998158453740e-01,1.395583786179722674e-01,9.297533773765200849e-01,5.940303610260961459e-02,7.024589340167450846e-01,9.999428296566251761e-01
8.702597347674858597e-01,5.238631793753351085e-01,9.297533773765200849e-01,3.635715312987481546e-02,9.999949612052964065e-01,7.970751435234668669e-01
8.732904672933576862e-01,5.460915316559274979e-01,9.297533773765200849e-01,3.513859656218305122e-02,9.999999247680573244e-01,7.713421354319479617e-01
8.495763031183392044e-01,3.743548008677871630e-01,9.297533773765200849e-01,4.531950996557682770e-02,9.999834288463763654e-01,9.651500540727980804e-01
8.575600951681243700e-01,4.310000158041683571e-01,9.297533773765200849e-01,4.170714748905674646e-02,9.999815821249831149e-01,9.013886624983269424e-01
5.141655912582185906e-01,7.726833542961719647e-02,9.297533773765200849e-01,6.613474769843293022e-02,5.703673240840045899e-01,9.999438110638170230e-01
7.994056134990037421e-01,2.618968664126791746e-01,9.297533773765200849e-01,5.103882503640706086e-02,8.942051853970163222e-01,9.999983308010649274e-01
8.895412016392461041e-01,6.633040243969171579e-01,9.297533773765200849e-01,2.874683067323980518e-02,9.999048985945523382e-01,6.206557972196627970e-01
9.033890100612671503e-01,7.479316947006419136e-01,9.297533773765200849e-01,2.237861071200004243e-02,9.637192109314618449e-01,4.414482160484486384e-01
8.713905045146068673e-01,5.327021980108904708e-01,9.297533773765200849e-01,3.584372096053584783e-02,9.990036984767629580e-01,7.861098656353989744e-01
8.854032866741823327e-01,6.338557622036115058e-01,9.297533773765200849e-01,3.038122346748334951e-02,9.999727713264873197e-01,6.620659260224761589e-01
8.873115338322810075e-01,6.474664242721269725e-01,9.297533773765200849e-01,2.963007716289751264e-02,9.998950911670889674e-01,6.433153571274644600e-01
2.495742174215527798e-01,9.033127322192968656e-03,9.297533773765200849e-01,7.765666030881819559e-02,3.397637082938999575e-01,9.997863472407241270e-01
9.070462924617919143e-01,7.522672531142996499e-01,9.297533773765200849e-01,1.970351655639496907e-02,8.886950775391105894e-01,3.728701904640788767e-01
8.623544260671058836e-01,4.659455981473877850e-01,9.297533773765200849e-01,3.962756970674458784e-02,9.998874671392004032e-01,8.623507075670366895e-01
